0,0,0,0
Exports,2006,Afghanistan,12283
Exports,2006,Albania,942
Exports,2006,Algeria,111739
Exports,2006,American Samoa,17113
Exports,2006,Angola,4688
Exports,2006,Anguilla,96
Exports,2006,Antarctica,7663
Exports,2006,Antigua & Barbuda,305
Exports,2006,Argentina,217751
Exports,2006,Armenia,9973
Exports,2006,Austria,65486
Exports,2006,Azerbaijan,8612
Exports,2006,Bahamas,5981
Exports,2006,Bahrain,108351
Exports,2006,Bangladesh,226822
Exports,2006,Barbados,5368
Exports,2006,Belarus,415
Exports,2006,Belgium,1040262
Exports,2006,Belize,241
Exports,2006,Benin,577
Exports,2006,Bermuda,2108
Exports,2006,Bhutan,48
Exports,2006,Bolivia,479
Exports,2006,Bosnia-Herzegovina,2632
Exports,2006,Botswana,3748
Exports,2006,Brazil,947209
Exports,2006,Brunei,26457
Exports,2006,Bulgaria,88228
Exports,2006,Burkina Faso,2335
Exports,2006,Burma (Rep of the Union of Myanmar),38504
Exports,2006,Burundi,16
Exports,2006,Cambodia,39892
Exports,2006,Cameroon,1847
Exports,2006,Canada,1697817
Exports,2006,Cayman Islands,905
Exports,2006,Central African Republic,264
Exports,2006,Chad,3546
Exports,2006,Chile,203938
Exports,2006,China,18139668
Exports,2006,Christmas Island,25088
Exports,2006,Cocos Keeling Islands,6987
Exports,2006,Colombia,21839
Exports,2006,Comoros,12
Exports,2006,Confidential (Alumina Special Case),709577
Exports,2006,Cook Islands,7217
Exports,2006,Costa Rica,10191
Exports,2006,Cote d'Ivoire,3309
Exports,2006,Croatia,4449
Exports,2006,Cuba,8233
Exports,2006,Cyprus,13300
Exports,2006,Czech Republic,88530
Exports,2006,Democratic Republic of the Congo,1398
Exports,2006,Denmark,200046
Exports,2006,Djibouti,1893
Exports,2006,Dominica,1277
Exports,2006,Dominican Republic,6358
Exports,2006,East Timor,18000
Exports,2006,Ecuador,6305
Exports,2006,Egypt,503590
Exports,2006,El Salvador,17289
Exports,2006,Equatorial Guinea,843
Exports,2006,Eritrea,1120
Exports,2006,Estonia,4325
Exports,2006,Ethiopia,6107
Exports,2006,Falkland Islands,292
Exports,2006,Federated States of Micronesia,7490
Exports,2006,Fiji,459912
Exports,2006,Finland,933826
Exports,2006,France,1184208
Exports,2006,French Antilles,34743
Exports,2006,French Guiana,616
Exports,2006,French Polynesia,69230
Exports,2006,FYR Macedonia,2413
Exports,2006,Gabon,1024
Exports,2006,Gambia,333
Exports,2006,Georgia,7466
Exports,2006,Germany,1418501
Exports,2006,Ghana,91647
Exports,2006,Gibraltar,3413
Exports,2006,Greece,109425
Exports,2006,Grenada,234
Exports,2006,Guam,16966
Exports,2006,Guatemala,18878
Exports,2006,Guinea,7993
Exports,2006,Guinea-Bissau,24
Exports,2006,Guyana,1681
Exports,2006,Haiti,488
Exports,2006,Honduras,7257
Exports,2006,Hong Kong (SAR of China),2901213
Exports,2006,Hungary,24586
Exports,2006,Iceland,9352
Exports,2006,India,7381736
Exports,2006,Indonesia,3981676
Exports,2006,International Waters,59889
Exports,2006,Iran,347642
Exports,2006,Iraq,171232
Exports,2006,Ireland,157137
Exports,2006,Israel,158330
Exports,2006,Italy,1559378
Exports,2006,Jamaica,31096
Exports,2006,Japan,31083149
Exports,2006,Jordan,95619
Exports,2006,Kazakhstan,11528
Exports,2006,Kenya,42335
Exports,2006,Kiribati,29402
Exports,2006,Kuwait,515322
Exports,2006,Kyrgyzstan,409
Exports,2006,Laos,21588
Exports,2006,Latvia,9245
Exports,2006,Lebanon,27095
Exports,2006,Lesotho,209
Exports,2006,Liberia,1131
Exports,2006,Libya,11474
Exports,2006,Lithuania,3322
Exports,2006,Luxembourg,1299
Exports,2006,Macau (SAR of China),40974
Exports,2006,Madagascar,5125
Exports,2006,Malawi,1224
Exports,2006,Malaysia,2535620
Exports,2006,Maldives,21340
Exports,2006,Mali,14117
Exports,2006,Malta,45127
Exports,2006,Marshall Islands,6200
Exports,2006,Mauritania,13485
Exports,2006,Mauritius,105629
Exports,2006,Mexico,835362
Exports,2006,Moldova,216
Exports,2006,Mongolia,14095
Exports,2006,Montserrat,56
Exports,2006,Morocco,40901
Exports,2006,Mozambique,398815
Exports,2006,Namibia,4016
Exports,2006,Nauru,17835
Exports,2006,Nepal,7222
Exports,2006,Netherlands,2579175
Exports,2006,Netherlands Antilles,6659
Exports,2006,New Caledonia,308363
Exports,2006,New Zealand,8752090
Exports,2006,Nicaragua,1055
Exports,2006,Niger,6598
Exports,2006,Nigeria,28219
Exports,2006,Niue,129
Exports,2006,No Country Details,4
Exports,2006,Norfolk Island,14847
Exports,2006,Northern Marianas,2072
Exports,2006,Norway,94223
Exports,2006,Oman,250181
Exports,2006,Pakistan,317523
Exports,2006,Palau,1228
Exports,2006,Panama,8099
Exports,2006,Papua New Guinea,1396108
Exports,2006,Paraguay,3861
Exports,2006,Peru,98879
Exports,2006,Philippines,877652
Exports,2006,Pitcairn Island,388
Exports,2006,Poland,74799
Exports,2006,Portugal,58005
Exports,2006,Puerto Rico,17243
Exports,2006,Qatar,178317
Exports,2006,Republic of Congo,1970
Exports,2006,Republic of Korea,11752717
Exports,2006,Reunion,11569
Exports,2006,Romania,82373
Exports,2006,Russian Federation,484016
Exports,2006,Rwanda,45
Exports,2006,Samoa,31280
Exports,2006,Sao Tome & Principe,1355
Exports,2006,Saudi Arabia,2178745
Exports,2006,Senegal,12319
Exports,2006,Serbia & Montenegro,596
Exports,2006,Seychelles,4803
Exports,2006,Ships Stores,1417865
Exports,2006,Sierra Leone,5306
Exports,2006,Singapore,4204388
Exports,2006,Slovak Republic,4377
Exports,2006,Slovenia,13543
Exports,2006,Solomon Islands,66817
Exports,2006,Somalia,16
Exports,2006,South Africa,2207668
Exports,2006,Spain,891653
Exports,2006,Sri Lanka,187672
Exports,2006,St Helena,35
Exports,2006,St Kitts & Nevis,425
Exports,2006,St Lucia,1862
Exports,2006,St Vincent & Grenadines,2358
Exports,2006,Sudan,292490
Exports,2006,Suriname,2871
Exports,2006,Swaziland,398
Exports,2006,Sweden,422019
Exports,2006,Switzerland,260183
Exports,2006,Syria,5344
Exports,2006,Taiwan,5909033
Exports,2006,Tajikistan,467
Exports,2006,Tanzania,30095
Exports,2006,Thailand,4230025
Exports,2006,Togo,1448
Exports,2006,Tonga,13498
Exports,2006,Trinidad & Tobago,14906
Exports,2006,Tunisia,4141
Exports,2006,Turkey,385350
Exports,2006,Turkmenistan,498
Exports,2006,Turks & Caicos Islands,39
Exports,2006,Tuvalu,3523
Exports,2006,Uganda,3414
Exports,2006,UK Virgin Islands,7389
Exports,2006,Ukraine,55435
Exports,2006,United Arab Emirates,1647222
Exports,2006,United Kingdom,7792695
Exports,2006,United States,9788051
Exports,2006,Uruguay,14151
Exports,2006,US Outlying Islands,1187
Exports,2006,US Virgin Islands,974
Exports,2006,Uzbekistan,1024
Exports,2006,Vanuatu,61991
Exports,2006,Venezuela,19980
Exports,2006,Vietnam,914861
Exports,2006,Wallis & Futuna Island,6056
Exports,2006,Yemen,129646
Exports,2006,Zambia,10281
Exports,2006,Zimbabwe,3488
Exports,2007,Afghanistan,19599
Exports,2007,Albania,573
Exports,2007,Algeria,89110
Exports,2007,American Samoa,10030
Exports,2007,Angola,4556
Exports,2007,Antarctica,4632
Exports,2007,Antigua & Barbuda,1645
Exports,2007,Argentina,125011
Exports,2007,Armenia,3863
Exports,2007,Austria,69118
Exports,2007,Azerbaijan,7979
Exports,2007,Bahamas,3632
Exports,2007,Bahrain,134220
Exports,2007,Bangladesh,181566
Exports,2007,Barbados,3975
Exports,2007,Belarus,276
Exports,2007,Belgium,1318318
Exports,2007,Belize,198
Exports,2007,Benin,1882
Exports,2007,Bermuda,2198
Exports,2007,Bhutan,17
Exports,2007,Bolivia,616
Exports,2007,Bosnia-Herzegovina,1134
Exports,2007,Botswana,5153
Exports,2007,Brazil,853094
Exports,2007,British Indian Ocean Territory,571
Exports,2007,Brunei,26330
Exports,2007,Bulgaria,23335
Exports,2007,Burkina Faso,2517
Exports,2007,Burma (Rep of the Union of Myanmar),30827
Exports,2007,Burundi,120
Exports,2007,Cambodia,46753
Exports,2007,Cameroon,5309
Exports,2007,Canada,1767986
Exports,2007,Cape Verde,19
Exports,2007,Cayman Islands,387
Exports,2007,Central African Republic,234
Exports,2007,Chad,1323
Exports,2007,Chile,224828
Exports,2007,China,22806372
Exports,2007,Christmas Island,28403
Exports,2007,Cocos Keeling Islands,5827
Exports,2007,Colombia,29372
Exports,2007,Comoros,58
Exports,2007,Confidential (Alumina Special Case),809177
Exports,2007,Cook Islands,7453
Exports,2007,Costa Rica,33176
Exports,2007,Cote d'Ivoire,3128
Exports,2007,Croatia,20757
Exports,2007,Cuba,8395
Exports,2007,Cyprus,14429
Exports,2007,Czech Republic,79172
Exports,2007,Democratic Republic of the Congo,6442
Exports,2007,Denmark,188945
Exports,2007,Djibouti,1398
Exports,2007,Dominica,244
Exports,2007,Dominican Republic,9614
Exports,2007,East Timor,37706
Exports,2007,Ecuador,9354
Exports,2007,Egypt,337024
Exports,2007,El Salvador,30485
Exports,2007,Equatorial Guinea,289
Exports,2007,Eritrea,540
Exports,2007,Estonia,14089
Exports,2007,Ethiopia,2636
Exports,2007,Falkland Islands,520
Exports,2007,Federated States of Micronesia,8331
Exports,2007,Fiji,383047
Exports,2007,Finland,1592651
Exports,2007,France,1364333
Exports,2007,French Antilles,2898
Exports,2007,French Guiana,665
Exports,2007,French Polynesia,79102
Exports,2007,FYR Macedonia,2037
Exports,2007,Gabon,791
Exports,2007,Gambia,38
Exports,2007,Georgia,4096
Exports,2007,Germany,1443941
Exports,2007,Ghana,95940
Exports,2007,Gibraltar,2280
Exports,2007,Greece,71043
Exports,2007,Grenada,219
Exports,2007,Guam,12129
Exports,2007,Guatemala,26976
Exports,2007,Guinea,22235
Exports,2007,Guinea-Bissau,818
Exports,2007,Guyana,5736
Exports,2007,Haiti,164
Exports,2007,Honduras,9518
Exports,2007,Hong Kong (SAR of China),3041869
Exports,2007,Hungary,16128
Exports,2007,Iceland,14818
Exports,2007,India,10102955
Exports,2007,Indonesia,4241368
Exports,2007,International Waters,70984
Exports,2007,Iran,208407
Exports,2007,Iraq,96234
Exports,2007,Ireland,208674
Exports,2007,Israel,188473
Exports,2007,Italy,1741783
Exports,2007,Jamaica,25986
Exports,2007,Japan,32623594
Exports,2007,Jordan,91594
Exports,2007,Kazakhstan,11354
Exports,2007,Kenya,60070
Exports,2007,Kiribati,28751
Exports,2007,Kuwait,493286
Exports,2007,Kyrgyzstan,1276
Exports,2007,Laos,25117
Exports,2007,Latvia,12516
Exports,2007,Lebanon,18007
Exports,2007,Lesotho,214
Exports,2007,Liberia,2241
Exports,2007,Libya,12546
Exports,2007,Lithuania,5703
Exports,2007,Luxembourg,840
Exports,2007,Macau (SAR of China),73263
Exports,2007,Madagascar,6326
Exports,2007,Malawi,552
Exports,2007,Malaysia,3102682
Exports,2007,Maldives,23841
Exports,2007,Mali,17860
Exports,2007,Malta,4646
Exports,2007,Marshall Islands,6369
Exports,2007,Mauritania,5871
Exports,2007,Mauritius,104763
Exports,2007,Mexico,836693
Exports,2007,Moldova,360
Exports,2007,Mongolia,19253
Exports,2007,Montserrat,13
Exports,2007,Morocco,26523
Exports,2007,Mozambique,467072
Exports,2007,Namibia,6313
Exports,2007,Nauru,14106
Exports,2007,Nepal,27032
Exports,2007,Netherlands,2975992
Exports,2007,Netherlands Antilles,9313
Exports,2007,New Caledonia,312323
Exports,2007,New Zealand,9437740
Exports,2007,Nicaragua,1568
Exports,2007,Niger,696
Exports,2007,Nigeria,47724
Exports,2007,Niue,2310
Exports,2007,No Country Details,0
Exports,2007,Norfolk Island,11427
Exports,2007,Northern Marianas,1627
Exports,2007,Norway,132675
Exports,2007,Oman,300779
Exports,2007,Pakistan,320758
Exports,2007,Palau,1403
Exports,2007,Panama,8939
Exports,2007,Papua New Guinea,1523722
Exports,2007,Paraguay,5655
Exports,2007,Peru,84529
Exports,2007,Philippines,1056140
Exports,2007,Pitcairn Island,75
Exports,2007,Poland,24007
Exports,2007,Portugal,54200
Exports,2007,Puerto Rico,17093
Exports,2007,Qatar,184625
Exports,2007,Republic of Congo,6162
Exports,2007,Republic of Korea,13085630
Exports,2007,Reunion,10363
Exports,2007,Romania,147404
Exports,2007,Russian Federation,657914
Exports,2007,Rwanda,175
Exports,2007,Samoa,33313
Exports,2007,Sao Tome & Principe,405
Exports,2007,Saudi Arabia,2025078
Exports,2007,Senegal,15324
Exports,2007,Serbia & Montenegro,2041
Exports,2007,Seychelles,13012
Exports,2007,Ships Stores,1378728
Exports,2007,Sierra Leone,4054
Exports,2007,Singapore,4638184
Exports,2007,Slovak Republic,4306
Exports,2007,Slovenia,18004
Exports,2007,Solomon Islands,92720
Exports,2007,Somalia,260
Exports,2007,South Africa,2319600
Exports,2007,Spain,1254255
Exports,2007,Sri Lanka,140922
Exports,2007,St Helena,53
Exports,2007,St Kitts & Nevis,195
Exports,2007,St Lucia,2514
Exports,2007,St Pierre & Miquelon,52
Exports,2007,St Vincent & Grenadines,948
Exports,2007,Sudan,201295
Exports,2007,Suriname,301
Exports,2007,Swaziland,457
Exports,2007,Sweden,350613
Exports,2007,Switzerland,1129561
Exports,2007,Syria,6564
Exports,2007,Taiwan,6191224
Exports,2007,Tajikistan,489
Exports,2007,Tanzania,32919
Exports,2007,Thailand,4256028
Exports,2007,Togo,4584
Exports,2007,Tonga,13105
Exports,2007,Trinidad & Tobago,23827
Exports,2007,Tunisia,5444
Exports,2007,Turkey,526886
Exports,2007,Turkmenistan,849
Exports,2007,Tuvalu,4074
Exports,2007,Uganda,5169
Exports,2007,UK Virgin Islands,173
Exports,2007,Ukraine,87606
Exports,2007,United Arab Emirates,2393501
Exports,2007,United Kingdom,6146495
Exports,2007,United States,9804321
Exports,2007,Uruguay,16351
Exports,2007,US Outlying Islands,1902
Exports,2007,US Virgin Islands,939
Exports,2007,Uzbekistan,754
Exports,2007,Vanuatu,68135
Exports,2007,Venezuela,21930
Exports,2007,Vietnam,1629274
Exports,2007,Wallis & Futuna Island,7256
Exports,2007,Yemen,125293
Exports,2007,Zambia,11482
Exports,2007,Zimbabwe,1736
Exports,2008,Afghanistan,11928
Exports,2008,Albania,2594
Exports,2008,Algeria,84753
Exports,2008,American Samoa,11718
Exports,2008,Angola,7598
Exports,2008,Anguilla,51
Exports,2008,Antarctica,5453
Exports,2008,Antigua & Barbuda,546
Exports,2008,Argentina,175588
Exports,2008,Armenia,6478
Exports,2008,Austria,68172
Exports,2008,Azerbaijan,6910
Exports,2008,Bahamas,2787
Exports,2008,Bahrain,144311
Exports,2008,Bangladesh,238104
Exports,2008,Barbados,9098
Exports,2008,Belarus,1617
Exports,2008,Belgium,1326751
Exports,2008,Belize,1540
Exports,2008,Benin,1664
Exports,2008,Bermuda,2168
Exports,2008,Bhutan,58
Exports,2008,Bolivia,4287
Exports,2008,Bosnia-Herzegovina,1547
Exports,2008,Botswana,7872
Exports,2008,Brazil,935526
Exports,2008,Brunei,31094
Exports,2008,Bulgaria,63896
Exports,2008,Burkina Faso,6852
Exports,2008,Burma (Rep of the Union of Myanmar),28892
Exports,2008,Burundi,171
Exports,2008,Cambodia,43661
Exports,2008,Cameroon,11634
Exports,2008,Canada,1620500
Exports,2008,Cape Verde,19
Exports,2008,Cayman Islands,508
Exports,2008,Central African Republic,155
Exports,2008,Chad,1792
Exports,2008,Chile,209852
Exports,2008,China,27033896
Exports,2008,Christmas Island,20578
Exports,2008,Cocos Keeling Islands,5944
Exports,2008,Colombia,43247
Exports,2008,Comoros,73
Exports,2008,Confidential (Alumina Special Case),894777
Exports,2008,Cook Islands,11336
Exports,2008,Costa Rica,31926
Exports,2008,Cote d'Ivoire,17612
Exports,2008,Croatia,6302
Exports,2008,Cuba,11685
Exports,2008,Cyprus,12611
Exports,2008,Czech Republic,110969
Exports,2008,Democratic Republic of the Congo,1681
Exports,2008,Denmark,177284
Exports,2008,Djibouti,4826
Exports,2008,Dominica,296
Exports,2008,Dominican Republic,7887
Exports,2008,East Timor,33071
Exports,2008,Ecuador,12260
Exports,2008,Egypt,309502
Exports,2008,El Salvador,35797
Exports,2008,Equatorial Guinea,304
Exports,2008,Eritrea,693
Exports,2008,Estonia,15633
Exports,2008,Ethiopia,2238
Exports,2008,Falkland Islands,496
Exports,2008,Federated States of Micronesia,7287
Exports,2008,Fiji,379774
Exports,2008,Finland,1138485
Exports,2008,France,1500469
Exports,2008,French Antilles,5125
Exports,2008,French Guiana,962
Exports,2008,French Polynesia,79783
Exports,2008,FYR Macedonia,2257
Exports,2008,Gabon,1562
Exports,2008,Gambia,42
Exports,2008,Georgia,13329
Exports,2008,Germany,1450153
Exports,2008,Ghana,141957
Exports,2008,Gibraltar,2102
Exports,2008,Greece,108221
Exports,2008,Grenada,258
Exports,2008,Guam,12327
Exports,2008,Guatemala,42714
Exports,2008,Guinea,43781
Exports,2008,Guinea-Bissau,149
Exports,2008,Guyana,2398
Exports,2008,Haiti,3112
Exports,2008,Honduras,11297
Exports,2008,Hong Kong (SAR of China),2838421
Exports,2008,Hungary,14870
Exports,2008,Iceland,5246
Exports,2008,India,9328011
Exports,2008,Indonesia,3956704
Exports,2008,International Waters,106408
Exports,2008,Iran,164064
Exports,2008,Iraq,94024
Exports,2008,Ireland,241313
Exports,2008,Israel,253958
Exports,2008,Italy,1456462
Exports,2008,Jamaica,30373
Exports,2008,Japan,34966738
Exports,2008,Jordan,67963
Exports,2008,Kazakhstan,20904
Exports,2008,Kenya,49094
Exports,2008,Kiribati,26558
Exports,2008,Kuwait,576537
Exports,2008,Kyrgyzstan,2581
Exports,2008,Laos,21191
Exports,2008,Latvia,11154
Exports,2008,Lebanon,22522
Exports,2008,Lesotho,11
Exports,2008,Liberia,1561
Exports,2008,Libya,28523
Exports,2008,Lithuania,6867
Exports,2008,Luxembourg,1774
Exports,2008,Macau (SAR of China),59506
Exports,2008,Madagascar,8446
Exports,2008,Malawi,968
Exports,2008,Malaysia,3425574
Exports,2008,Maldives,25242
Exports,2008,Mali,24204
Exports,2008,Malta,6654
Exports,2008,Marshall Islands,6673
Exports,2008,Mauritania,9108
Exports,2008,Mauritius,93666
Exports,2008,Mexico,550588
Exports,2008,Moldova,32
Exports,2008,Mongolia,15516
Exports,2008,Morocco,14530
Exports,2008,Mozambique,387631
Exports,2008,Namibia,8915
Exports,2008,Nauru,24412
Exports,2008,Nepal,17983
Exports,2008,Netherlands,2863613
Exports,2008,Netherlands Antilles,2620
Exports,2008,New Caledonia,358697
Exports,2008,New Zealand,9529128
Exports,2008,Nicaragua,1130
Exports,2008,Niger,4021
Exports,2008,Nigeria,33934
Exports,2008,Niue,1501
Exports,2008,No Country Details,-2
Exports,2008,Norfolk Island,13168
Exports,2008,Northern Marianas,1147
Exports,2008,Norway,195983
Exports,2008,Oman,469150
Exports,2008,Pakistan,490542
Exports,2008,Palau,760
Exports,2008,Panama,11044
Exports,2008,Papua New Guinea,1616263
Exports,2008,Paraguay,1372
Exports,2008,Peru,84272
Exports,2008,Philippines,1280121
Exports,2008,Pitcairn Island,309
Exports,2008,Poland,38903
Exports,2008,Portugal,31117
Exports,2008,Puerto Rico,8839
Exports,2008,Qatar,199060
Exports,2008,Republic of Congo,1253
Exports,2008,Republic of Korea,14239569
Exports,2008,Reunion,8856
Exports,2008,Romania,142920
Exports,2008,Russian Federation,867728
Exports,2008,Rwanda,521
Exports,2008,Samoa,27822
Exports,2008,Sao Tome & Principe,47
Exports,2008,Saudi Arabia,2247102
Exports,2008,Senegal,30714
Exports,2008,Serbia & Montenegro,3717
Exports,2008,Seychelles,6582
Exports,2008,Ships Stores,1546059
Exports,2008,Sierra Leone,5031
Exports,2008,Singapore,5225613
Exports,2008,Slovak Republic,2786
Exports,2008,Slovenia,14814
Exports,2008,Solomon Islands,74760
Exports,2008,Somalia,484
Exports,2008,South Africa,2407761
Exports,2008,Spain,901848
Exports,2008,Sri Lanka,180404
Exports,2008,St Helena,207
Exports,2008,St Kitts & Nevis,170
Exports,2008,St Lucia,2835
Exports,2008,St Pierre & Miquelon,9
Exports,2008,St Vincent & Grenadines,1681
Exports,2008,Sudan,188594
Exports,2008,Suriname,1716
Exports,2008,Swaziland,374
Exports,2008,Sweden,445498
Exports,2008,Switzerland,943622
Exports,2008,Syria,4365
Exports,2008,Taiwan,6479072
Exports,2008,Tajikistan,199
Exports,2008,Tanzania,51935
Exports,2008,Thailand,4644863
Exports,2008,Togo,3051
Exports,2008,Tonga,13937
Exports,2008,Trinidad & Tobago,19391
Exports,2008,Tunisia,13783
Exports,2008,Turkey,655488
Exports,2008,Turkmenistan,245
Exports,2008,Turks & Caicos Islands,21
Exports,2008,Tuvalu,4290
Exports,2008,Uganda,5285
Exports,2008,UK Virgin Islands,221
Exports,2008,Ukraine,203561
Exports,2008,United Arab Emirates,3132878
Exports,2008,United Kingdom,8309528
Exports,2008,United States,10601589
Exports,2008,Uruguay,23637
Exports,2008,US Outlying Islands,494
Exports,2008,US Virgin Islands,1659
Exports,2008,Uzbekistan,933
Exports,2008,Vanuatu,79290
Exports,2008,Venezuela,19752
Exports,2008,Vietnam,1813879
Exports,2008,Wallis & Futuna Island,5637
Exports,2008,Yemen,190311
Exports,2008,Zambia,17175
Exports,2008,Zimbabwe,1115
Exports,2009,Afghanistan,16426
Exports,2009,Albania,1103
Exports,2009,Algeria,70437
Exports,2009,American Samoa,8563
Exports,2009,Angola,27038
Exports,2009,Anguilla,28
Exports,2009,Antarctica,7785
Exports,2009,Antigua & Barbuda,701
Exports,2009,Argentina,273771
Exports,2009,Armenia,2122
Exports,2009,Austria,90609
Exports,2009,Azerbaijan,7516
Exports,2009,Bahamas,12800
Exports,2009,Bahrain,173584
Exports,2009,Bangladesh,377076
Exports,2009,Barbados,7063
Exports,2009,Belarus,2669
Exports,2009,Belgium,1301075
Exports,2009,Belize,272
Exports,2009,Benin,12703
Exports,2009,Bermuda,1890
Exports,2009,Bhutan,45
Exports,2009,Bolivia,1094
Exports,2009,Bosnia-Herzegovina,2576
Exports,2009,Botswana,8569
Exports,2009,Brazil,1483182
Exports,2009,British Indian Ocean Territory,428
Exports,2009,Brunei,33488
Exports,2009,Bulgaria,8777
Exports,2009,Burkina Faso,2619
Exports,2009,Burma (Rep of the Union of Myanmar),52903
Exports,2009,Burundi,107
Exports,2009,Cambodia,44441
Exports,2009,Cameroon,3858
Exports,2009,Canada,1557433
Exports,2009,Cayman Islands,388
Exports,2009,Central African Republic,92
Exports,2009,Chad,952
Exports,2009,Chile,334573
Exports,2009,China,39325096
Exports,2009,Christmas Island,24880
Exports,2009,Cocos Keeling Islands,14556
Exports,2009,Colombia,57542
Exports,2009,Comoros,225
Exports,2009,Confidential (Alumina Special Case),797350
Exports,2009,Cook Islands,14291
Exports,2009,Costa Rica,43439
Exports,2009,Cote d'Ivoire,10588
Exports,2009,Croatia,18191
Exports,2009,Cuba,4532
Exports,2009,Cyprus,10627
Exports,2009,Czech Republic,57158
Exports,2009,Democratic Republic of the Congo,2010
Exports,2009,Denmark,176330
Exports,2009,Djibouti,1943
Exports,2009,Dominica,151
Exports,2009,Dominican Republic,12235
Exports,2009,East Timor,45183
Exports,2009,Ecuador,6333
Exports,2009,Egypt,452626
Exports,2009,El Salvador,31254
Exports,2009,Equatorial Guinea,739
Exports,2009,Eritrea,627
Exports,2009,Estonia,12269
Exports,2009,Ethiopia,3661
Exports,2009,Falkland Islands,208
Exports,2009,Federated States of Micronesia,4148
Exports,2009,Fiji,374453
Exports,2009,Finland,595186
Exports,2009,France,1720660
Exports,2009,French Antilles,4606
Exports,2009,French Guiana,598
Exports,2009,French Polynesia,77954
Exports,2009,FYR Macedonia,3019
Exports,2009,Gabon,3539
Exports,2009,Gambia,212
Exports,2009,Georgia,11122
Exports,2009,Germany,2197362
Exports,2009,Ghana,162181
Exports,2009,Gibraltar,10556
Exports,2009,Greece,68400
Exports,2009,Grenada,166
Exports,2009,Guam,11475
Exports,2009,Guatemala,18236
Exports,2009,Guinea,30324
Exports,2009,Guinea-Bissau,63
Exports,2009,Guyana,2746
Exports,2009,Haiti,1115
Exports,2009,Honduras,5657
Exports,2009,Hong Kong (SAR of China),3191807
Exports,2009,Hungary,12650
Exports,2009,Iceland,3476
Exports,2009,India,15424736
Exports,2009,Indonesia,4295128
Exports,2009,International Waters,66409
Exports,2009,Iran,661404
Exports,2009,Iraq,194133
Exports,2009,Ireland,133744
Exports,2009,Israel,262100
Exports,2009,Italy,1555754
Exports,2009,Jamaica,21600
Exports,2009,Japan,52768361
Exports,2009,Jordan,112931
Exports,2009,Kazakhstan,16357
Exports,2009,Kenya,59512
Exports,2009,Kiribati,21882
Exports,2009,Kuwait,427983
Exports,2009,Kyrgyzstan,2161
Exports,2009,Laos,14143
Exports,2009,Latvia,8664
Exports,2009,Lebanon,39228
Exports,2009,Lesotho,42
Exports,2009,Liberia,1944
Exports,2009,Libya,39918
Exports,2009,Lithuania,3582
Exports,2009,Luxembourg,1749
Exports,2009,Macau (SAR of China),52643
Exports,2009,Madagascar,23053
Exports,2009,Malawi,4950
Exports,2009,Malaysia,3730234
Exports,2009,Maldives,23241
Exports,2009,Mali,24108
Exports,2009,Malta,13227
Exports,2009,Marshall Islands,10216
Exports,2009,Mauritania,17733
Exports,2009,Mauritius,110273
Exports,2009,Mexico,901880
Exports,2009,Moldova,256
Exports,2009,Mongolia,15154
Exports,2009,Montserrat,292
Exports,2009,Morocco,36579
Exports,2009,Mozambique,430380
Exports,2009,Namibia,7663
Exports,2009,Nauru,28049
Exports,2009,Nepal,43151
Exports,2009,Netherlands,3202151
Exports,2009,Netherlands Antilles,2964
Exports,2009,New Caledonia,345260
Exports,2009,New Zealand,8549401
Exports,2009,Nicaragua,233
Exports,2009,Niger,632
Exports,2009,Nigeria,51327
Exports,2009,Niue,1242
Exports,2009,No Country Details,2
Exports,2009,Norfolk Island,15696
Exports,2009,Northern Marianas,2140
Exports,2009,Norway,85926
Exports,2009,Oman,639460
Exports,2009,Pakistan,477872
Exports,2009,Palau,920
Exports,2009,Panama,15831
Exports,2009,Papua New Guinea,1611372
Exports,2009,Paraguay,1528
Exports,2009,Peru,134062
Exports,2009,Philippines,1409170
Exports,2009,Pitcairn Island,6
Exports,2009,Poland,26772
Exports,2009,Portugal,24037
Exports,2009,Puerto Rico,4092
Exports,2009,Qatar,178598
Exports,2009,Republic of Congo,2350
Exports,2009,Republic of Korea,19274066
Exports,2009,Reunion,11261
Exports,2009,Romania,108081
Exports,2009,Russian Federation,868047
Exports,2009,Rwanda,1070
Exports,2009,Samoa,35991
Exports,2009,Sao Tome & Principe,3
Exports,2009,Saudi Arabia,2250093
Exports,2009,Senegal,31622
Exports,2009,Serbia,4483
Exports,2009,Serbia & Montenegro,1622
Exports,2009,Seychelles,5166
Exports,2009,Ships Stores,1630398
Exports,2009,Sierra Leone,1601
Exports,2009,Singapore,5521988
Exports,2009,Slovak Republic,6434
Exports,2009,Slovenia,20659
Exports,2009,Solomon Islands,75735
Exports,2009,Somalia,182
Exports,2009,South Africa,2055979
Exports,2009,Spain,612492
Exports,2009,Sri Lanka,216990
Exports,2009,St Helena,155
Exports,2009,St Kitts & Nevis,259
Exports,2009,St Lucia,2105
Exports,2009,St Pierre & Miquelon,45
Exports,2009,St Vincent & Grenadines,2625
Exports,2009,Sudan,310921
Exports,2009,Suriname,1389
Exports,2009,Swaziland,444
Exports,2009,Sweden,566349
Exports,2009,Switzerland,660070
Exports,2009,Syria,30358
Exports,2009,Taiwan,8126072
Exports,2009,Tajikistan,204
Exports,2009,Tanzania,81747
Exports,2009,Thailand,4950749
Exports,2009,Togo,2861
Exports,2009,Tonga,14181
Exports,2009,Trinidad & Tobago,18346
Exports,2009,Tunisia,9195
Exports,2009,Turkey,810672
Exports,2009,Turkmenistan,741
Exports,2009,Turks & Caicos Islands,60
Exports,2009,Tuvalu,2880
Exports,2009,Uganda,9751
Exports,2009,UK Virgin Islands,239
Exports,2009,Ukraine,165474
Exports,2009,United Arab Emirates,3604214
Exports,2009,United Kingdom,11508626
Exports,2009,United States,11600420
Exports,2009,Uruguay,17887
Exports,2009,US Outlying Islands,166
Exports,2009,US Virgin Islands,966
Exports,2009,Uzbekistan,1933
Exports,2009,Vanuatu,78536
Exports,2009,Venezuela,29402
Exports,2009,Vietnam,1234210
Exports,2009,Wallis & Futuna Island,9583
Exports,2009,Western Sahara,136
Exports,2009,Yemen,266500
Exports,2009,Zambia,18644
Exports,2009,Zimbabwe,2382
Exports,2010,Afghanistan,14329
Exports,2010,Albania,1288
Exports,2010,Algeria,15935
Exports,2010,American Samoa,6332
Exports,2010,Angola,6450
Exports,2010,Anguilla,216
Exports,2010,Antarctica,7524
Exports,2010,Antigua & Barbuda,368
Exports,2010,Argentina,298306
Exports,2010,Armenia,995
Exports,2010,Austria,92755
Exports,2010,Azerbaijan,12253
Exports,2010,Bahamas,2629
Exports,2010,Bahrain,165989
Exports,2010,Bangladesh,409380
Exports,2010,Barbados,2434
Exports,2010,Belarus,472
Exports,2010,Belgium,1079192
Exports,2010,Belize,298
Exports,2010,Benin,461
Exports,2010,Bermuda,1234
Exports,2010,Bhutan,8093
Exports,2010,Bolivia,1238
Exports,2010,Bosnia-Herzegovina,1926
Exports,2010,Botswana,5857
Exports,2010,Brazil,1295270
Exports,2010,British Indian Ocean Territory,137
Exports,2010,Brunei,33000
Exports,2010,Bulgaria,10380
Exports,2010,Burkina Faso,7775
Exports,2010,Burma (Rep of the Union of Myanmar),64385
Exports,2010,Burundi,8
Exports,2010,Cambodia,32777
Exports,2010,Cameroon,3442
Exports,2010,Canada,1294925
Exports,2010,Cape Verde,10
Exports,2010,Cayman Islands,642
Exports,2010,Central African Republic,252
Exports,2010,Chad,203
Exports,2010,Chile,223912
Exports,2010,China,46518416
Exports,2010,Christmas Island,57570
Exports,2010,Cocos Keeling Islands,13423
Exports,2010,Colombia,36884
Exports,2010,Comoros,319
Exports,2010,Confidential (Alumina Special Case),556672
Exports,2010,Cook Islands,10877
Exports,2010,Costa Rica,36863
Exports,2010,Cote d'Ivoire,12985
Exports,2010,Croatia,25215
Exports,2010,Cuba,1886
Exports,2010,Cyprus,8271
Exports,2010,Czech Republic,67043
Exports,2010,Democratic Republic of the Congo,1942
Exports,2010,Denmark,140729
Exports,2010,Djibouti,4952
Exports,2010,Dominica,8
Exports,2010,Dominican Republic,11717
Exports,2010,East Timor,40676
Exports,2010,Ecuador,5425
Exports,2010,Egypt,410680
Exports,2010,El Salvador,30900
Exports,2010,Equatorial Guinea,235
Exports,2010,Eritrea,2051
Exports,2010,Estonia,8094
Exports,2010,Ethiopia,4606
Exports,2010,Falkland Islands,239
Exports,2010,Federated States of Micronesia,5131
Exports,2010,Fiji,305827
Exports,2010,Finland,284843
Exports,2010,France,1120898
Exports,2010,French Antilles,2976
Exports,2010,French Guiana,730
Exports,2010,French Polynesia,64581
Exports,2010,FYR Macedonia,908
Exports,2010,Gabon,2281
Exports,2010,Gambia,256
Exports,2010,Georgia,33670
Exports,2010,Germany,1654438
Exports,2010,Ghana,124550
Exports,2010,Gibraltar,17337
Exports,2010,Greece,40524
Exports,2010,Grenada,108
Exports,2010,Guam,13884
Exports,2010,Guatemala,17959
Exports,2010,Guinea,17406
Exports,2010,Guinea-Bissau,31
Exports,2010,Guyana,991
Exports,2010,Haiti,491
Exports,2010,Honduras,1317
Exports,2010,Hong Kong (SAR of China),2718595
Exports,2010,Hungary,9673
Exports,2010,Iceland,1252
Exports,2010,India,16179324
Exports,2010,Indonesia,4329027
Exports,2010,International Waters,72188
Exports,2010,Iran,148610
Exports,2010,Iraq,196138
Exports,2010,Ireland,120506
Exports,2010,Israel,176400
Exports,2010,Italy,948357
Exports,2010,Jamaica,18348
Exports,2010,Japan,37070277
Exports,2010,Jordan,148737
Exports,2010,Kazakhstan,12782
Exports,2010,Kenya,30401
Exports,2010,Kiribati,22960
Exports,2010,Kuwait,525313
Exports,2010,Kyrgyzstan,996
Exports,2010,Laos,18210
Exports,2010,Latvia,6370
Exports,2010,Lebanon,24535
Exports,2010,Lesotho,292
Exports,2010,Liberia,1891
Exports,2010,Libya,32478
Exports,2010,Lithuania,4032
Exports,2010,Luxembourg,1857
Exports,2010,Macau (SAR of China),43161
Exports,2010,Madagascar,11687
Exports,2010,Malawi,895
Exports,2010,Malaysia,3132822
Exports,2010,Maldives,25903
Exports,2010,Mali,17764
Exports,2010,Malta,29169
Exports,2010,Marshall Islands,3728
Exports,2010,Mauritania,14472
Exports,2010,Mauritius,102966
Exports,2010,Mexico,740720
Exports,2010,Moldova,43
Exports,2010,Mongolia,14975
Exports,2010,Montenegro,211
Exports,2010,Morocco,32599
Exports,2010,Mozambique,321407
Exports,2010,Namibia,12061
Exports,2010,Nauru,16204
Exports,2010,Nepal,62685
Exports,2010,Netherlands,2058275
Exports,2010,Netherlands Antilles,957
Exports,2010,New Caledonia,332777
Exports,2010,New Zealand,8029786
Exports,2010,Nicaragua,341
Exports,2010,Niger,187
Exports,2010,Nigeria,54867
Exports,2010,Niue,167
Exports,2010,No Country Details,1
Exports,2010,Norfolk Island,13638
Exports,2010,Northern Marianas,1237
Exports,2010,Norway,102888
Exports,2010,Oman,404863
Exports,2010,Pakistan,610326
Exports,2010,Palau,750
Exports,2010,Panama,13720
Exports,2010,Papua New Guinea,1972126
Exports,2010,Paraguay,933
Exports,2010,Peru,83549
Exports,2010,Philippines,1092752
Exports,2010,Pitcairn Island,930
Exports,2010,Poland,21927
Exports,2010,Portugal,25524
Exports,2010,Puerto Rico,7245
Exports,2010,Qatar,257320
Exports,2010,Republic of Congo,13101
Exports,2010,Republic of Korea,16493594
Exports,2010,Reunion,9606
Exports,2010,Romania,23682
Exports,2010,Russian Federation,685847
Exports,2010,Rwanda,237
Exports,2010,Samoa,29744
Exports,2010,Sao Tome & Principe,3
Exports,2010,Saudi Arabia,1533227
Exports,2010,Senegal,14712
Exports,2010,Serbia,3479
Exports,2010,Seychelles,4741
Exports,2010,Ships Stores,1388739
Exports,2010,Sierra Leone,6382
Exports,2010,Singapore,5045793
Exports,2010,Slovak Republic,3348
Exports,2010,Slovenia,14732
Exports,2010,Solomon Islands,89325
Exports,2010,Somalia,263
Exports,2010,South Africa,1761762
Exports,2010,Spain,493366
Exports,2010,Sri Lanka,197779
Exports,2010,St Helena,15
Exports,2010,St Kitts & Nevis,190
Exports,2010,St Lucia,1240
Exports,2010,St Vincent & Grenadines,1639
Exports,2010,Sudan,213439
Exports,2010,Suriname,1903
Exports,2010,Swaziland,691
Exports,2010,Sweden,441207
Exports,2010,Switzerland,269021
Exports,2010,Syria,7261
Exports,2010,Taiwan,6851412
Exports,2010,Tajikistan,51
Exports,2010,Tanzania,90025
Exports,2010,Thailand,4703621
Exports,2010,Togo,2085
Exports,2010,Tonga,12653
Exports,2010,Trinidad & Tobago,79770
Exports,2010,Tunisia,5773
Exports,2010,Turkey,304310
Exports,2010,Turkmenistan,4578
Exports,2010,Turks & Caicos Islands,21
Exports,2010,Tuvalu,2175
Exports,2010,Uganda,3994
Exports,2010,UK Virgin Islands,523
Exports,2010,Ukraine,138344
Exports,2010,United Arab Emirates,1974533
Exports,2010,United Kingdom,7211517
Exports,2010,United States,9545980
Exports,2010,Uruguay,9260
Exports,2010,US Virgin Islands,1664
Exports,2010,Uzbekistan,1570
Exports,2010,Vanuatu,69177
Exports,2010,Venezuela,33267
Exports,2010,Vietnam,1407763
Exports,2010,Wallis & Futuna Island,5916
Exports,2010,Yemen,193324
Exports,2010,Zambia,10795
Exports,2010,Zimbabwe,2587
Exports,2011,Afghanistan,15430
Exports,2011,Albania,2798
Exports,2011,Algeria,28158
Exports,2011,American Samoa,5109
Exports,2011,Angola,9281
Exports,2011,Antarctica,6258
Exports,2011,Antigua & Barbuda,721
Exports,2011,Argentina,335982
Exports,2011,Armenia,846
Exports,2011,Austria,109240
Exports,2011,Azerbaijan,13298
Exports,2011,Bahamas,2256
Exports,2011,Bahrain,166074
Exports,2011,Bangladesh,619504
Exports,2011,Barbados,5079
Exports,2011,Belarus,531
Exports,2011,Belgium,1327673
Exports,2011,Belize,269
Exports,2011,Benin,804
Exports,2011,Bermuda,1425
Exports,2011,Bhutan,2959
Exports,2011,Bolivia,1626
Exports,2011,Bosnia-Herzegovina,8887
Exports,2011,Botswana,5446
Exports,2011,Brazil,1521301
Exports,2011,Brunei,33335
Exports,2011,Bulgaria,7849
Exports,2011,Burkina Faso,7062
Exports,2011,Burma (Rep of the Union of Myanmar),79530
Exports,2011,Burundi,89
Exports,2011,Cambodia,28147
Exports,2011,Cameroon,2262
Exports,2011,Canada,1344901
Exports,2011,Cape Verde,9
Exports,2011,Cayman Islands,289
Exports,2011,Central African Republic,171
Exports,2011,Chad,566
Exports,2011,Chile,371273
Exports,2011,China,64854975
Exports,2011,Christmas Island,51245
Exports,2011,Cocos Keeling Islands,12773
Exports,2011,Colombia,35171
Exports,2011,Confidential (Alumina Special Case),445859
Exports,2011,Cook Islands,6957
Exports,2011,Costa Rica,15831
Exports,2011,Cote d'Ivoire,6838
Exports,2011,Croatia,17120
Exports,2011,Cuba,10434
Exports,2011,Cyprus,7727
Exports,2011,Czech Republic,101731
Exports,2011,Democratic Republic of the Congo,1979
Exports,2011,Denmark,237196
Exports,2011,Djibouti,5852
Exports,2011,Dominica,493
Exports,2011,Dominican Republic,11068
Exports,2011,East Timor,56413
Exports,2011,Ecuador,9785
Exports,2011,Egypt,593310
Exports,2011,El Salvador,24220
Exports,2011,Equatorial Guinea,906
Exports,2011,Eritrea,3665
Exports,2011,Estonia,11762
Exports,2011,Ethiopia,2239
Exports,2011,Falkland Islands,106
Exports,2011,Federated States of Micronesia,6328
Exports,2011,Fiji,300437
Exports,2011,Finland,225819
Exports,2011,France,1123068
Exports,2011,French Antilles,1647
Exports,2011,French Guiana,146
Exports,2011,French Polynesia,50335
Exports,2011,FYR Macedonia,1267
Exports,2011,Gabon,1967
Exports,2011,Gambia,325
Exports,2011,Georgia,55853
Exports,2011,Germany,2115285
Exports,2011,Ghana,153505
Exports,2011,Gibraltar,21127
Exports,2011,Greece,40073
Exports,2011,Grenada,313
Exports,2011,Guam,17134
Exports,2011,Guatemala,14365
Exports,2011,Guinea,21583
Exports,2011,Guinea-Bissau,244
Exports,2011,Guyana,3738
Exports,2011,Haiti,648
Exports,2011,Honduras,2159
Exports,2011,Hong Kong (SAR of China),3259050
Exports,2011,Hungary,11676
Exports,2011,Iceland,5738
Exports,2011,India,15765093
Exports,2011,Indonesia,4780402
Exports,2011,International Waters,135218
Exports,2011,Iran,156977
Exports,2011,Iraq,327216
Exports,2011,Ireland,123120
Exports,2011,Israel,227395
Exports,2011,Italy,1274250
Exports,2011,Jamaica,16892
Exports,2011,Japan,46951349
Exports,2011,Jordan,180176
Exports,2011,Kazakhstan,21776
Exports,2011,Kenya,48241
Exports,2011,Kiribati,21536
Exports,2011,Kuwait,617195
Exports,2011,Kyrgyzstan,3037
Exports,2011,Laos,25085
Exports,2011,Latvia,8070
Exports,2011,Lebanon,37624
Exports,2011,Lesotho,52
Exports,2011,Liberia,3841
Exports,2011,Libya,10521
Exports,2011,Lithuania,3536
Exports,2011,Luxembourg,1181
Exports,2011,Macau (SAR of China),36032
Exports,2011,Madagascar,31303
Exports,2011,Malawi,4616
Exports,2011,Malaysia,4058856
Exports,2011,Maldives,28664
Exports,2011,Mali,23355
Exports,2011,Malta,101928
Exports,2011,Marshall Islands,2259
Exports,2011,Mauritania,33494
Exports,2011,Mauritius,86490
Exports,2011,Mexico,888249
Exports,2011,Moldova,140
Exports,2011,Mongolia,32631
Exports,2011,Montenegro,6096
Exports,2011,Morocco,29301
Exports,2011,Mozambique,418832
Exports,2011,Namibia,8747
Exports,2011,Nauru,15075
Exports,2011,Nepal,11508
Exports,2011,Netherlands,3024082
Exports,2011,Netherlands Antilles,789
Exports,2011,New Caledonia,378261
Exports,2011,New Zealand,7702912
Exports,2011,Nicaragua,850
Exports,2011,Niger,116
Exports,2011,Nigeria,42247
Exports,2011,Niue,150
Exports,2011,No Country Details,0
Exports,2011,Norfolk Island,8745
Exports,2011,Northern Marianas,945
Exports,2011,Norway,80403
Exports,2011,Oman,447108
Exports,2011,Pakistan,381382
Exports,2011,Palau,512
Exports,2011,Panama,17272
Exports,2011,Papua New Guinea,2213855
Exports,2011,Paraguay,602
Exports,2011,Peru,98280
Exports,2011,Philippines,1483436
Exports,2011,Pitcairn Island,6
Exports,2011,Poland,23021
Exports,2011,Portugal,15062
Exports,2011,Puerto Rico,3047
Exports,2011,Qatar,296155
Exports,2011,Republic of Congo,5489
Exports,2011,Republic of Korea,22573202
Exports,2011,Reunion,30851
Exports,2011,Romania,8700
Exports,2011,Russian Federation,951844
Exports,2011,Rwanda,75
Exports,2011,Samoa,27841
Exports,2011,Saudi Arabia,1501790
Exports,2011,Senegal,32474
Exports,2011,Serbia,2267
Exports,2011,Seychelles,7885
Exports,2011,Ships Stores,1590054
Exports,2011,Sierra Leone,14499
Exports,2011,Singapore,5465698
Exports,2011,Slovak Republic,3261
Exports,2011,Slovenia,4756
Exports,2011,Solomon Islands,123246
Exports,2011,Somalia,303
Exports,2011,South Africa,1616214
Exports,2011,Spain,857976
Exports,2011,Sri Lanka,213175
Exports,2011,St Helena,417
Exports,2011,St Kitts & Nevis,149
Exports,2011,St Lucia,1933
Exports,2011,St Pierre & Miquelon,18
Exports,2011,St Vincent & Grenadines,1910
Exports,2011,Sudan,159324
Exports,2011,Suriname,1273
Exports,2011,Swaziland,385
Exports,2011,Sweden,495661
Exports,2011,Switzerland,410313
Exports,2011,Syria,11322
Exports,2011,Taiwan,9108643
Exports,2011,Tajikistan,128
Exports,2011,Tanzania,116235
Exports,2011,Thailand,6954673
Exports,2011,Togo,3177
Exports,2011,Tonga,8516
Exports,2011,Trinidad & Tobago,101915
Exports,2011,Tunisia,3032
Exports,2011,Turkey,427235
Exports,2011,Turkmenistan,296
Exports,2011,Tuvalu,2535
Exports,2011,Uganda,2014
Exports,2011,UK Virgin Islands,167
Exports,2011,Ukraine,77589
Exports,2011,United Arab Emirates,2199375
Exports,2011,United Kingdom,6603993
Exports,2011,United States,9069479
Exports,2011,Uruguay,14003
Exports,2011,US Outlying Islands,20
Exports,2011,US Virgin Islands,1520
Exports,2011,Uzbekistan,392
Exports,2011,Vanuatu,73458
Exports,2011,Venezuela,10456
Exports,2011,Vietnam,1801374
Exports,2011,Wallis & Futuna Island,6479
Exports,2011,Yemen,249427
Exports,2011,Zambia,19507
Exports,2011,Zimbabwe,2490
Imports,2006,Afghanistan,306
Imports,2006,Albania,391
Imports,2006,Algeria,48317
Imports,2006,American Samoa,4158
Imports,2006,Angola,5
Imports,2006,Antarctica,12
Imports,2006,Antigua & Barbuda,96
Imports,2006,Argentina,178226
Imports,2006,Armenia,137
Imports,2006,Australia,630804
Imports,2006,Austria,999948
Imports,2006,Azerbaijan,29
Imports,2006,Bahamas,4020
Imports,2006,Bahrain,121624
Imports,2006,Bangladesh,32329
Imports,2006,Barbados,834
Imports,2006,Belarus,16830
Imports,2006,Belgium,1478671
Imports,2006,Belize,1388
Imports,2006,Benin,2
Imports,2006,Bermuda,17
Imports,2006,Bhutan,6
Imports,2006,Bolivia,5720
Imports,2006,Bosnia-Herzegovina,1163
Imports,2006,Botswana,98
Imports,2006,Brazil,783769
Imports,2006,Brunei,1015405
Imports,2006,Bulgaria,23440
Imports,2006,Burkina Faso,18
Imports,2006,Burma (Rep of the Union of Myanmar),16050
Imports,2006,Burundi,6
Imports,2006,Cambodia,12554
Imports,2006,Cameroon,966
Imports,2006,Canada,1992504
Imports,2006,Cape Verde,151
Imports,2006,Cayman Islands,241
Imports,2006,Central African Republic,145
Imports,2006,Chad,31
Imports,2006,Chile,138861
Imports,2006,China,23201782
Imports,2006,Christmas Island,5197
Imports,2006,Cocos Keeling Islands,62
Imports,2006,Colombia,27507
Imports,2006,Comoros,3
Imports,2006,Cook Islands,787
Imports,2006,Costa Rica,38638
Imports,2006,Cote d'Ivoire,10923
Imports,2006,Croatia,15464
Imports,2006,Cuba,5780
Imports,2006,Cyprus,6169
Imports,2006,Czech Republic,176563
Imports,2006,Democratic People's Republic of Korea,22441
Imports,2006,Democratic Republic of the Congo,149
Imports,2006,Denmark,891014
Imports,2006,Djibouti,6
Imports,2006,Dominica,309
Imports,2006,Dominican Republic,14841
Imports,2006,East Timor,606
Imports,2006,Ecuador,9139
Imports,2006,Egypt,15583
Imports,2006,El Salvador,1835
Imports,2006,Eritrea,414
Imports,2006,Estonia,17187
Imports,2006,Ethiopia,3236
Imports,2006,Federated States of Micronesia,13
Imports,2006,Fiji,174801
Imports,2006,Finland,818099
Imports,2006,France,5347065
Imports,2006,French Antilles,463
Imports,2006,French Guiana,8
Imports,2006,French Polynesia,2858
Imports,2006,FYR Macedonia,2085
Imports,2006,Gabon,596
Imports,2006,Gambia,6
Imports,2006,Georgia,4526
Imports,2006,Germany,8677300
Imports,2006,Ghana,6801
Imports,2006,Gibraltar,4
Imports,2006,Greece,143553
Imports,2006,Grenada,0
Imports,2006,Guam,259
Imports,2006,Guatemala,4508
Imports,2006,Guinea,22
Imports,2006,Guinea-Bissau,3
Imports,2006,Guyana,980
Imports,2006,Haiti,2101
Imports,2006,Honduras,10113
Imports,2006,Hong Kong (SAR of China),1650938
Imports,2006,Hungary,197852
Imports,2006,Iceland,19045
Imports,2006,India,1239685
Imports,2006,Indonesia,4553296
Imports,2006,International Waters,250771
Imports,2006,Iran,36645
Imports,2006,Iraq,20
Imports,2006,Ireland,1852358
Imports,2006,Israel,614627
Imports,2006,Italy,4185995
Imports,2006,Jamaica,1672
Imports,2006,Japan,17333816
Imports,2006,Jordan,3269
Imports,2006,Kazakhstan,11233
Imports,2006,Kenya,17550
Imports,2006,Kiribati,584
Imports,2006,Kuwait,241887
Imports,2006,Kyrgyzstan,238
Imports,2006,Laos,27636
Imports,2006,Latvia,3151
Imports,2006,Lebanon,12371
Imports,2006,Lesotho,25
Imports,2006,Liberia,8
Imports,2006,Libya,3
Imports,2006,Lithuania,15495
Imports,2006,Luxembourg,4357
Imports,2006,Macau (SAR of China),9565
Imports,2006,Madagascar,641
Imports,2006,Malawi,11129
Imports,2006,Malaysia,6751118
Imports,2006,Maldives,188
Imports,2006,Mali,17615
Imports,2006,Malta,12845
Imports,2006,Marshall Islands,312
Imports,2006,Mauritania,4165
Imports,2006,Mauritius,2933
Imports,2006,Mexico,937621
Imports,2006,Moldova,336
Imports,2006,Mongolia,111
Imports,2006,Montserrat,20
Imports,2006,Morocco,52856
Imports,2006,Mozambique,44
Imports,2006,Namibia,8116
Imports,2006,Nauru,371
Imports,2006,Nepal,3153
Imports,2006,Netherlands,1314061
Imports,2006,Netherlands Antilles,8893
Imports,2006,New Caledonia,62609
Imports,2006,New Zealand,5481148
Imports,2006,Nicaragua,3215
Imports,2006,Niger,5198
Imports,2006,Nigeria,141
Imports,2006,Niue,2
Imports,2006,No Country Details,4
Imports,2006,Norfolk Island,94
Imports,2006,Northern Marianas,59
Imports,2006,Norway,234841
Imports,2006,Oman,2339
Imports,2006,Pakistan,146691
Imports,2006,Panama,3400
Imports,2006,Papua New Guinea,2318140
Imports,2006,Paraguay,425
Imports,2006,Peru,51372
Imports,2006,Philippines,805739
Imports,2006,Pitcairn Island,348
Imports,2006,Poland,221320
Imports,2006,Portugal,141971
Imports,2006,Puerto Rico,277860
Imports,2006,Qatar,313195
Imports,2006,Republic of Congo,4419
Imports,2006,Republic of Korea,6483667
Imports,2006,Reunion,420
Imports,2006,Romania,29638
Imports,2006,Russian Federation,99273
Imports,2006,Rwanda,154
Imports,2006,Samoa,71918
Imports,2006,Sao Tome & Principe,3
Imports,2006,Saudi Arabia,1208877
Imports,2006,Senegal,1075
Imports,2006,Serbia & Montenegro,4960
Imports,2006,Seychelles,2570
Imports,2006,Sierra Leone,1972
Imports,2006,Singapore,10537852
Imports,2006,Slovak Republic,22496
Imports,2006,Slovenia,50631
Imports,2006,Solomon Islands,3775
Imports,2006,Somalia,36
Imports,2006,South Africa,1618110
Imports,2006,Spain,1317368
Imports,2006,Sri Lanka,90501
Imports,2006,St Helena,154
Imports,2006,St Kitts & Nevis,86
Imports,2006,St Lucia,4
Imports,2006,St Vincent & Grenadines,1
Imports,2006,Sudan,52
Imports,2006,Suriname,262
Imports,2006,Swaziland,52538
Imports,2006,Sweden,2394829
Imports,2006,Switzerland,1571447
Imports,2006,Syria,1970
Imports,2006,Taiwan,3811401
Imports,2006,Tajikistan,420
Imports,2006,Tanzania,7996
Imports,2006,Thailand,5388359
Imports,2006,Togo,2422
Imports,2006,Tonga,639
Imports,2006,Trinidad & Tobago,4432
Imports,2006,Tunisia,6366
Imports,2006,Turkey,354368
Imports,2006,Turkmenistan,133
Imports,2006,Turks & Caicos Islands,79
Imports,2006,Tuvalu,407
Imports,2006,Uganda,4665
Imports,2006,UK Virgin Islands,2355
Imports,2006,Ukraine,23217
Imports,2006,United Arab Emirates,667040
Imports,2006,United Kingdom,5968292
Imports,2006,United States,22762501
Imports,2006,Unknown,8525
Imports,2006,Uruguay,15382
Imports,2006,US Outlying Islands,22
Imports,2006,US Virgin Islands,941
Imports,2006,Uzbekistan,83
Imports,2006,Vanuatu,4193
Imports,2006,Venezuela,1797
Imports,2006,Vietnam,4134355
Imports,2006,Yemen,103038
Imports,2006,Zambia,262
Imports,2006,Zimbabwe,6371
Imports,2007,Afghanistan,445
Imports,2007,Albania,211
Imports,2007,Algeria,151648
Imports,2007,American Samoa,7830
Imports,2007,Angola,62
Imports,2007,Anguilla,33
Imports,2007,Antarctica,31
Imports,2007,Antigua & Barbuda,225
Imports,2007,Argentina,211011
Imports,2007,Armenia,230
Imports,2007,Australia,760130
Imports,2007,Austria,1081200
Imports,2007,Azerbaijan,31
Imports,2007,Bahamas,2890
Imports,2007,Bahrain,113860
Imports,2007,Bangladesh,39095
Imports,2007,Barbados,835
Imports,2007,Belarus,33735
Imports,2007,Belgium,1606575
Imports,2007,Belize,2342
Imports,2007,Benin,13
Imports,2007,Bermuda,100
Imports,2007,Bhutan,3
Imports,2007,Bolivia,6238
Imports,2007,Bosnia-Herzegovina,3478
Imports,2007,Botswana,2
Imports,2007,Brazil,858792
Imports,2007,Brunei,1073444
Imports,2007,Bulgaria,25514
Imports,2007,Burkina Faso,25
Imports,2007,Burma (Rep of the Union of Myanmar),23711
Imports,2007,Burundi,357
Imports,2007,Cambodia,6699
Imports,2007,Cameroon,1081
Imports,2007,Canada,2076679
Imports,2007,Cape Verde,29
Imports,2007,Cayman Islands,9
Imports,2007,Central African Republic,14
Imports,2007,Chad,45
Imports,2007,Chile,202590
Imports,2007,China,27139586
Imports,2007,Christmas Island,4130
Imports,2007,Cocos Keeling Islands,5
Imports,2007,Colombia,21645
Imports,2007,Cook Islands,102
Imports,2007,Costa Rica,51184
Imports,2007,Cote d'Ivoire,12293
Imports,2007,Croatia,18823
Imports,2007,Cuba,9473
Imports,2007,Cyprus,4953
Imports,2007,Czech Republic,206481
Imports,2007,Democratic People's Republic of Korea,11239
Imports,2007,Democratic Republic of the Congo,224
Imports,2007,Denmark,1137945
Imports,2007,Djibouti,209
Imports,2007,Dominica,500
Imports,2007,Dominican Republic,19228
Imports,2007,East Timor,1398
Imports,2007,Ecuador,16174
Imports,2007,Egypt,16629
Imports,2007,El Salvador,3422
Imports,2007,Equatorial Guinea,7
Imports,2007,Eritrea,711
Imports,2007,Estonia,8958
Imports,2007,Ethiopia,4633
Imports,2007,Falkland Islands,56
Imports,2007,Federated States of Micronesia,5
Imports,2007,Fiji,148193
Imports,2007,Finland,847658
Imports,2007,France,3910382
Imports,2007,French Antilles,375
Imports,2007,French Polynesia,5182
Imports,2007,FYR Macedonia,3578
Imports,2007,Gabon,127
Imports,2007,Gambia,60
Imports,2007,Georgia,4108
Imports,2007,Germany,9273903
Imports,2007,Ghana,10987
Imports,2007,Gibraltar,182
Imports,2007,Greece,161800
Imports,2007,Guam,38009
Imports,2007,Guatemala,5178
Imports,2007,Guinea,50
Imports,2007,Guyana,1231
Imports,2007,Haiti,1246
Imports,2007,Honduras,12283
Imports,2007,Hong Kong (SAR of China),1419214
Imports,2007,Hungary,285863
Imports,2007,Iceland,22367
Imports,2007,India,1314269
Imports,2007,Indonesia,4646584
Imports,2007,International Waters,799413
Imports,2007,Iran,41301
Imports,2007,Iraq,35689
Imports,2007,Ireland,2119518
Imports,2007,Israel,639722
Imports,2007,Italy,4869122
Imports,2007,Jamaica,1440
Imports,2007,Japan,17399805
Imports,2007,Jordan,2829
Imports,2007,Kazakhstan,6478
Imports,2007,Kenya,16745
Imports,2007,Kiribati,1867
Imports,2007,Kuwait,231373
Imports,2007,Kyrgyzstan,405
Imports,2007,Laos,10896
Imports,2007,Latvia,5634
Imports,2007,Lebanon,12738
Imports,2007,Lesotho,122
Imports,2007,Liberia,60
Imports,2007,Libya,12
Imports,2007,Lithuania,38800
Imports,2007,Luxembourg,18712
Imports,2007,Macau (SAR of China),8750
Imports,2007,Madagascar,527
Imports,2007,Malawi,10194
Imports,2007,Malaysia,6603335
Imports,2007,Maldives,955
Imports,2007,Mali,14123
Imports,2007,Malta,16277
Imports,2007,Marshall Islands,287
Imports,2007,Mauritania,104
Imports,2007,Mauritius,2708
Imports,2007,Mexico,1102279
Imports,2007,Moldova,447
Imports,2007,Mongolia,708
Imports,2007,Montserrat,72
Imports,2007,Morocco,43391
Imports,2007,Mozambique,1208
Imports,2007,Namibia,11414
Imports,2007,Nauru,1443
Imports,2007,Nepal,3011
Imports,2007,Netherlands,1493841
Imports,2007,Netherlands Antilles,18642
Imports,2007,New Caledonia,122102
Imports,2007,New Zealand,5614857
Imports,2007,Nicaragua,7529
Imports,2007,Niger,6944
Imports,2007,Nigeria,124
Imports,2007,Niue,6
Imports,2007,No Country Details,0
Imports,2007,Norfolk Island,73
Imports,2007,Northern Marianas,22
Imports,2007,Norway,322854
Imports,2007,Oman,4213
Imports,2007,Pakistan,151184
Imports,2007,Palau,30
Imports,2007,Panama,4145
Imports,2007,Papua New Guinea,2215479
Imports,2007,Paraguay,268
Imports,2007,Peru,141780
Imports,2007,Philippines,753051
Imports,2007,Pitcairn Island,1186
Imports,2007,Poland,245327
Imports,2007,Portugal,145349
Imports,2007,Puerto Rico,389255
Imports,2007,Qatar,295097
Imports,2007,Republic of Congo,73052
Imports,2007,Republic of Korea,6014044
Imports,2007,Reunion,245
Imports,2007,Romania,31757
Imports,2007,Russian Federation,130302
Imports,2007,Rwanda,60
Imports,2007,Samoa,84385
Imports,2007,Sao Tome & Principe,6
Imports,2007,Saudi Arabia,946338
Imports,2007,Senegal,1469
Imports,2007,Serbia & Montenegro,3195
Imports,2007,Seychelles,3698
Imports,2007,Sierra Leone,3587
Imports,2007,Singapore,10125729
Imports,2007,Slovak Republic,102379
Imports,2007,Slovenia,61401
Imports,2007,Solomon Islands,5070
Imports,2007,Somalia,203
Imports,2007,South Africa,1401642
Imports,2007,Spain,1624816
Imports,2007,Sri Lanka,90960
Imports,2007,St Helena,155
Imports,2007,St Kitts & Nevis,11
Imports,2007,St Lucia,9
Imports,2007,St Vincent & Grenadines,7
Imports,2007,Sudan,24
Imports,2007,Suriname,349
Imports,2007,Swaziland,56037
Imports,2007,Sweden,2286636
Imports,2007,Switzerland,1916033
Imports,2007,Syria,2586
Imports,2007,Taiwan,4409128
Imports,2007,Tajikistan,5
Imports,2007,Tanzania,8759
Imports,2007,Thailand,7222019
Imports,2007,Togo,29
Imports,2007,Tonga,534
Imports,2007,Trinidad & Tobago,5243
Imports,2007,Tunisia,10136
Imports,2007,Turkey,436579
Imports,2007,Turkmenistan,88
Imports,2007,Turks & Caicos Islands,27
Imports,2007,Tuvalu,943
Imports,2007,Uganda,7455
Imports,2007,UK Virgin Islands,5878
Imports,2007,Ukraine,32958
Imports,2007,United Arab Emirates,1746503
Imports,2007,United Kingdom,7407310
Imports,2007,United States,24907738
Imports,2007,Uruguay,12869
Imports,2007,US Outlying Islands,14
Imports,2007,US Virgin Islands,440
Imports,2007,Uzbekistan,41
Imports,2007,Vanuatu,1940
Imports,2007,Venezuela,3013
Imports,2007,Vietnam,4503850
Imports,2007,Yemen,11
Imports,2007,Zambia,3076
Imports,2007,Zimbabwe,7234
Imports,2008,Afghanistan,97
Imports,2008,Albania,292
Imports,2008,Algeria,127386
Imports,2008,American Samoa,7376
Imports,2008,Angola,58
Imports,2008,Anguilla,18
Imports,2008,Antarctica,20
Imports,2008,Antigua & Barbuda,326
Imports,2008,Argentina,286110
Imports,2008,Armenia,1904
Imports,2008,Australia,791001
Imports,2008,Austria,993148
Imports,2008,Azerbaijan,95
Imports,2008,Bahamas,3010
Imports,2008,Bahrain,198586
Imports,2008,Bangladesh,43407
Imports,2008,Barbados,1225
Imports,2008,Belarus,5926
Imports,2008,Belgium,1727191
Imports,2008,Belize,2112
Imports,2008,Bermuda,2
Imports,2008,Bhutan,7
Imports,2008,Bolivia,5174
Imports,2008,Bosnia-Herzegovina,2402
Imports,2008,Botswana,106
Imports,2008,Brazil,1040917
Imports,2008,British Indian Ocean Territory,515
Imports,2008,Brunei,1081968
Imports,2008,Bulgaria,30487
Imports,2008,Burkina Faso,16
Imports,2008,Burma (Rep of the Union of Myanmar),19948
Imports,2008,Burundi,6
Imports,2008,Cambodia,22896
Imports,2008,Cameroon,1331
Imports,2008,Canada,2187480
Imports,2008,Cape Verde,32
Imports,2008,Cayman Islands,130
Imports,2008,Central African Republic,43
Imports,2008,Chile,562912
Imports,2008,China,30994201
Imports,2008,Christmas Island,4644
Imports,2008,Cocos Keeling Islands,70
Imports,2008,Colombia,26913
Imports,2008,Comoros,2
Imports,2008,Cook Islands,80
Imports,2008,Costa Rica,89528
Imports,2008,Cote d'Ivoire,9460
Imports,2008,Croatia,16565
Imports,2008,Cuba,7300
Imports,2008,Cyprus,9894
Imports,2008,Czech Republic,285131
Imports,2008,Democratic People's Republic of Korea,7427
Imports,2008,Democratic Republic of the Congo,380
Imports,2008,Denmark,895148
Imports,2008,Djibouti,205
Imports,2008,Dominica,1261
Imports,2008,Dominican Republic,23034
Imports,2008,East Timor,4270
Imports,2008,Ecuador,12750
Imports,2008,Egypt,17290
Imports,2008,El Salvador,2404
Imports,2008,Equatorial Guinea,2
Imports,2008,Eritrea,92
Imports,2008,Estonia,13476
Imports,2008,Ethiopia,5056
Imports,2008,Falkland Islands,2
Imports,2008,Federated States of Micronesia,1
Imports,2008,Fiji,122120
Imports,2008,Finland,944685
Imports,2008,France,4988853
Imports,2008,French Antilles,252
Imports,2008,French Polynesia,5795
Imports,2008,FYR Macedonia,3984
Imports,2008,Gabon,167
Imports,2008,Gambia,57
Imports,2008,Georgia,7642
Imports,2008,Germany,10575607
Imports,2008,Ghana,7991
Imports,2008,Gibraltar,11
Imports,2008,Greece,163035
Imports,2008,Grenada,2
Imports,2008,Guam,20
Imports,2008,Guatemala,6341
Imports,2008,Guinea,38
Imports,2008,Guyana,787
Imports,2008,Haiti,1830
Imports,2008,Honduras,11025
Imports,2008,Hong Kong (SAR of China),1380042
Imports,2008,Hungary,350656
Imports,2008,Iceland,27243
Imports,2008,India,1605955
Imports,2008,Indonesia,4585129
Imports,2008,International Waters,864840
Imports,2008,Iran,53925
Imports,2008,Iraq,23371
Imports,2008,Ireland,2005526
Imports,2008,Israel,684639
Imports,2008,Italy,4895163
Imports,2008,Jamaica,1509
Imports,2008,Japan,19679185
Imports,2008,Jordan,8359
Imports,2008,Kazakhstan,14798
Imports,2008,Kenya,11246
Imports,2008,Kiribati,1093
Imports,2008,Kuwait,363112
Imports,2008,Kyrgyzstan,710
Imports,2008,Laos,680
Imports,2008,Latvia,3053
Imports,2008,Lebanon,12621
Imports,2008,Lesotho,15
Imports,2008,Liberia,26
Imports,2008,Libya,2
Imports,2008,Lithuania,26904
Imports,2008,Luxembourg,22361
Imports,2008,Macau (SAR of China),14086
Imports,2008,Madagascar,495
Imports,2008,Malawi,3767
Imports,2008,Malaysia,8081374
Imports,2008,Maldives,497
Imports,2008,Mali,6791
Imports,2008,Malta,13470
Imports,2008,Marshall Islands,784
Imports,2008,Mauritania,14
Imports,2008,Mauritius,6665
Imports,2008,Mexico,1238018
Imports,2008,Moldova,685
Imports,2008,Mongolia,322
Imports,2008,Montserrat,352
Imports,2008,Morocco,70840
Imports,2008,Mozambique,623
Imports,2008,Namibia,7852
Imports,2008,Nauru,5369
Imports,2008,Nepal,3552
Imports,2008,Netherlands,1554945
Imports,2008,Netherlands Antilles,1099
Imports,2008,New Caledonia,85336
Imports,2008,New Zealand,7043617
Imports,2008,Nicaragua,7299
Imports,2008,Niger,9584
Imports,2008,Nigeria,802
Imports,2008,Niue,36
Imports,2008,No Country Details,-1
Imports,2008,Norfolk Island,157
Imports,2008,Northern Marianas,66
Imports,2008,Norway,350715
Imports,2008,Oman,14062
Imports,2008,Pakistan,154233
Imports,2008,Palau,13
Imports,2008,Panama,948
Imports,2008,Papua New Guinea,2747964
Imports,2008,Paraguay,541
Imports,2008,Peru,68188
Imports,2008,Philippines,762836
Imports,2008,Pitcairn Island,1691
Imports,2008,Poland,319401
Imports,2008,Portugal,186995
Imports,2008,Puerto Rico,429821
Imports,2008,Qatar,288928
Imports,2008,Republic of Congo,231
Imports,2008,Republic of Korea,6163309
Imports,2008,Reunion,81
Imports,2008,Romania,45301
Imports,2008,Russian Federation,344256
Imports,2008,Rwanda,82
Imports,2008,Samoa,90963
Imports,2008,Sao Tome & Principe,126
Imports,2008,Saudi Arabia,907777
Imports,2008,Senegal,2552
Imports,2008,Serbia & Montenegro,4919
Imports,2008,Seychelles,3004
Imports,2008,Sierra Leone,2135
Imports,2008,Singapore,13684810
Imports,2008,Slovak Republic,165046
Imports,2008,Slovenia,55521
Imports,2008,Solomon Islands,7188
Imports,2008,Somalia,8
Imports,2008,South Africa,1496503
Imports,2008,Spain,1996214
Imports,2008,Sri Lanka,99319
Imports,2008,St Helena,1
Imports,2008,St Kitts & Nevis,22
Imports,2008,St Lucia,22
Imports,2008,St Pierre & Miquelon,3
Imports,2008,St Vincent & Grenadines,75
Imports,2008,Sudan,54
Imports,2008,Suriname,434
Imports,2008,Swaziland,53786
Imports,2008,Sweden,2460628
Imports,2008,Switzerland,2129251
Imports,2008,Syria,1515
Imports,2008,Taiwan,4127440
Imports,2008,Tajikistan,98
Imports,2008,Tanzania,3279
Imports,2008,Thailand,8846032
Imports,2008,Togo,273
Imports,2008,Tonga,702
Imports,2008,Trinidad & Tobago,4895
Imports,2008,Tunisia,44945
Imports,2008,Turkey,404429
Imports,2008,Turkmenistan,3
Imports,2008,Tuvalu,1048
Imports,2008,Uganda,6460
Imports,2008,UK Virgin Islands,4765
Imports,2008,Ukraine,54653
Imports,2008,United Arab Emirates,2541910
Imports,2008,United Kingdom,8498390
Imports,2008,United States,24324704
Imports,2008,Unknown,33027
Imports,2008,Uruguay,27383
Imports,2008,US Outlying Islands,49
Imports,2008,US Virgin Islands,4255
Imports,2008,Uzbekistan,8
Imports,2008,Vanuatu,2358
Imports,2008,Venezuela,1848
Imports,2008,Vietnam,5132872
Imports,2008,Yemen,27
Imports,2008,Zambia,778
Imports,2008,Zimbabwe,6158
Imports,2009,Afghanistan,416
Imports,2009,Albania,259
Imports,2009,Algeria,150022
Imports,2009,American Samoa,9467
Imports,2009,Angola,162
Imports,2009,Anguilla,33
Imports,2009,Antigua & Barbuda,834
Imports,2009,Argentina,393257
Imports,2009,Armenia,450
Imports,2009,Australia,921694
Imports,2009,Austria,1159510
Imports,2009,Azerbaijan,66
Imports,2009,Bahamas,2759
Imports,2009,Bahrain,152494
Imports,2009,Bangladesh,118948
Imports,2009,Barbados,1266
Imports,2009,Belarus,18429
Imports,2009,Belgium,1718784
Imports,2009,Belize,1511
Imports,2009,Bermuda,7
Imports,2009,Bhutan,10
Imports,2009,Bolivia,8512
Imports,2009,Bosnia-Herzegovina,2356
Imports,2009,Botswana,28
Imports,2009,Brazil,1040813
Imports,2009,British Indian Ocean Territory,129
Imports,2009,Brunei,1017129
Imports,2009,Bulgaria,44806
Imports,2009,Burkina Faso,2
Imports,2009,Burma (Rep of the Union of Myanmar),27057
Imports,2009,Cambodia,19201
Imports,2009,Cameroon,2101
Imports,2009,Canada,2437230
Imports,2009,Cape Verde,305
Imports,2009,Cayman Islands,545
Imports,2009,Chile,552485
Imports,2009,China,37043626
Imports,2009,Christmas Island,14749
Imports,2009,Cocos Keeling Islands,22
Imports,2009,Colombia,31526
Imports,2009,Cook Islands,104
Imports,2009,Costa Rica,100480
Imports,2009,Cote d'Ivoire,15416
Imports,2009,Croatia,24756
Imports,2009,Cuba,8366
Imports,2009,Cyprus,12469
Imports,2009,Czech Republic,335792
Imports,2009,Democratic People's Republic of Korea,6974
Imports,2009,Democratic Republic of the Congo,140
Imports,2009,Denmark,1070277
Imports,2009,Djibouti,239
Imports,2009,Dominica,2764
Imports,2009,Dominican Republic,20281
Imports,2009,East Timor,11924
Imports,2009,Ecuador,16195
Imports,2009,Egypt,32789
Imports,2009,El Salvador,3504
Imports,2009,Equatorial Guinea,96
Imports,2009,Eritrea,4
Imports,2009,Estonia,17925
Imports,2009,Ethiopia,7452
Imports,2009,Falkland Islands,20
Imports,2009,Federated States of Micronesia,99
Imports,2009,Fiji,159617
Imports,2009,Finland,977924
Imports,2009,France,4652979
Imports,2009,French Antilles,384
Imports,2009,French Guiana,3
Imports,2009,French Polynesia,5878
Imports,2009,FYR Macedonia,4825
Imports,2009,Gabon,142
Imports,2009,Gambia,231
Imports,2009,Georgia,2048
Imports,2009,Germany,11106429
Imports,2009,Ghana,8805
Imports,2009,Gibraltar,1
Imports,2009,Greece,160698
Imports,2009,Guam,49
Imports,2009,Guatemala,5807
Imports,2009,Guinea,61
Imports,2009,Guinea-Bissau,4
Imports,2009,Guyana,1325
Imports,2009,Haiti,1301
Imports,2009,Honduras,11764
Imports,2009,Hong Kong (SAR of China),1424308
Imports,2009,Hungary,482165
Imports,2009,Iceland,18451
Imports,2009,India,2114206
Imports,2009,Indonesia,5038753
Imports,2009,International Waters,2176577
Imports,2009,Iran,94702
Imports,2009,Iraq,31186
Imports,2009,Ireland,2398508
Imports,2009,Israel,714852
Imports,2009,Italy,5338421
Imports,2009,Jamaica,1491
Imports,2009,Japan,17842393
Imports,2009,Jordan,12105
Imports,2009,Kazakhstan,24260
Imports,2009,Kenya,10209
Imports,2009,Kiribati,978
Imports,2009,Kuwait,425800
Imports,2009,Kyrgyzstan,708
Imports,2009,Laos,935
Imports,2009,Latvia,4262
Imports,2009,Lebanon,13301
Imports,2009,Lesotho,767
Imports,2009,Liberia,81
Imports,2009,Libya,14
Imports,2009,Lithuania,38582
Imports,2009,Luxembourg,27013
Imports,2009,Macau (SAR of China),12612
Imports,2009,Madagascar,1720
Imports,2009,Malawi,2213
Imports,2009,Malaysia,8335281
Imports,2009,Maldives,196
Imports,2009,Mali,4532
Imports,2009,Malta,17226
Imports,2009,Marshall Islands,952
Imports,2009,Mauritania,62
Imports,2009,Mauritius,8751
Imports,2009,Mexico,1323640
Imports,2009,Moldova,715
Imports,2009,Mongolia,376
Imports,2009,Montenegro,35
Imports,2009,Montserrat,368
Imports,2009,Morocco,193972
Imports,2009,Mozambique,3511
Imports,2009,Namibia,10452
Imports,2009,Nauru,9831
Imports,2009,Nepal,5538
Imports,2009,Netherlands,1771134
Imports,2009,Netherlands Antilles,1385
Imports,2009,New Caledonia,66888
Imports,2009,New Zealand,7049601
Imports,2009,Nicaragua,9784
Imports,2009,Niger,4406
Imports,2009,Nigeria,202
Imports,2009,Niue,14
Imports,2009,No Country Details,3259952
Imports,2009,Norfolk Island,77
Imports,2009,Northern Marianas,66
Imports,2009,Norway,491146
Imports,2009,Oman,65169
Imports,2009,Pakistan,181395
Imports,2009,Palau,10
Imports,2009,Panama,1879
Imports,2009,Papua New Guinea,3013083
Imports,2009,Paraguay,779
Imports,2009,Peru,117941
Imports,2009,Philippines,605199
Imports,2009,Pitcairn Island,364
Imports,2009,Poland,432185
Imports,2009,Portugal,142438
Imports,2009,Puerto Rico,450277
Imports,2009,Qatar,387972
Imports,2009,Republic of Congo,113
Imports,2009,Republic of Korea,6522780
Imports,2009,Reunion,4
Imports,2009,Romania,87364
Imports,2009,Russian Federation,489587
Imports,2009,Rwanda,19
Imports,2009,Samoa,42606
Imports,2009,Sao Tome & Principe,36
Imports,2009,Saudi Arabia,935264
Imports,2009,Senegal,1312
Imports,2009,Serbia,3265
Imports,2009,Serbia & Montenegro,1537
Imports,2009,Seychelles,1503
Imports,2009,Sierra Leone,3613
Imports,2009,Singapore,13444733
Imports,2009,Slovak Republic,159271
Imports,2009,Slovenia,48781
Imports,2009,Solomon Islands,4200
Imports,2009,Somalia,46
Imports,2009,South Africa,1257801
Imports,2009,Spain,1731014
Imports,2009,Sri Lanka,112206
Imports,2009,St Helena,150
Imports,2009,St Kitts & Nevis,10
Imports,2009,St Lucia,55
Imports,2009,St Vincent & Grenadines,227
Imports,2009,Sudan,24
Imports,2009,Suriname,440
Imports,2009,Swaziland,57904
Imports,2009,Sweden,2441291
Imports,2009,Switzerland,2480942
Imports,2009,Syria,1332
Imports,2009,Taiwan,4089287
Imports,2009,Tajikistan,1615
Imports,2009,Tanzania,4464
Imports,2009,Thailand,10749263
Imports,2009,Togo,121
Imports,2009,Tonga,979
Imports,2009,Trinidad & Tobago,32484
Imports,2009,Tunisia,20750
Imports,2009,Turkey,506714
Imports,2009,Turkmenistan,20
Imports,2009,Tuvalu,658
Imports,2009,Uganda,8700
Imports,2009,UK Virgin Islands,2702
Imports,2009,Ukraine,110050
Imports,2009,United Arab Emirates,1923892
Imports,2009,United Kingdom,9024261
Imports,2009,United States,26835007
Imports,2009,Unknown,8912
Imports,2009,Uruguay,17418
Imports,2009,US Outlying Islands,11
Imports,2009,US Virgin Islands,577
Imports,2009,Uzbekistan,36
Imports,2009,Vanuatu,1111
Imports,2009,Venezuela,4330
Imports,2009,Vietnam,4402433
Imports,2009,Yemen,579
Imports,2009,Zambia,1388
Imports,2009,Zimbabwe,8033
Imports,2010,Afghanistan,238
Imports,2010,Albania,343
Imports,2010,Algeria,200928
Imports,2010,American Samoa,8061
Imports,2010,Angola,34
Imports,2010,Anguilla,39
Imports,2010,Antarctica,285
Imports,2010,Antigua & Barbuda,210
Imports,2010,Argentina,293393
Imports,2010,Armenia,862
Imports,2010,Australia,952578
Imports,2010,Austria,944990
Imports,2010,Azerbaijan,175160
Imports,2010,Bahamas,1927
Imports,2010,Bahrain,52881
Imports,2010,Bangladesh,122354
Imports,2010,Barbados,1485
Imports,2010,Belarus,8610
Imports,2010,Belgium,1559929
Imports,2010,Belize,2280
Imports,2010,Bermuda,3421
Imports,2010,Bolivia,8385
Imports,2010,Bosnia-Herzegovina,2413
Imports,2010,Botswana,43
Imports,2010,Brazil,620053
Imports,2010,British Indian Ocean Territory,116
Imports,2010,Brunei,945776
Imports,2010,Bulgaria,26859
Imports,2010,Burkina Faso,1
Imports,2010,Burma (Rep of the Union of Myanmar),17333
Imports,2010,Burundi,75
Imports,2010,Cambodia,24243
Imports,2010,Cameroon,1353
Imports,2010,Canada,1726275
Imports,2010,Cape Verde,7
Imports,2010,Cayman Islands,424
Imports,2010,Central African Republic,30
Imports,2010,Chad,46
Imports,2010,Chile,988265
Imports,2010,China,36374452
Imports,2010,Christmas Island,1344
Imports,2010,Cocos Keeling Islands,14
Imports,2010,Colombia,33562
Imports,2010,Comoros,4
Imports,2010,Cook Islands,153
Imports,2010,Costa Rica,108648
Imports,2010,Cote d'Ivoire,20743
Imports,2010,Croatia,43825
Imports,2010,Cuba,4876
Imports,2010,Cyprus,9313
Imports,2010,Czech Republic,246258
Imports,2010,Democratic People's Republic of Korea,6300
Imports,2010,Democratic Republic of the Congo,12503
Imports,2010,Denmark,1105239
Imports,2010,Djibouti,187
Imports,2010,Dominica,442
Imports,2010,Dominican Republic,19809
Imports,2010,East Timor,1092
Imports,2010,Ecuador,14596
Imports,2010,Egypt,25690
Imports,2010,El Salvador,4584
Imports,2010,Estonia,23753
Imports,2010,Ethiopia,8311
Imports,2010,Falkland Islands,27
Imports,2010,Federated States of Micronesia,10
Imports,2010,Fiji,162609
Imports,2010,Finland,664095
Imports,2010,France,3885234
Imports,2010,French Antilles,473
Imports,2010,French Guiana,1
Imports,2010,French Polynesia,3790
Imports,2010,FYR Macedonia,4794
Imports,2010,Gabon,27102
Imports,2010,Gambia,46
Imports,2010,Georgia,1827
Imports,2010,Germany,10717907
Imports,2010,Ghana,6086
Imports,2010,Greece,153870
Imports,2010,Grenada,11
Imports,2010,Guam,123
Imports,2010,Guatemala,6405
Imports,2010,Guinea,1287
Imports,2010,Guyana,921
Imports,2010,Haiti,1718
Imports,2010,Honduras,14308
Imports,2010,Hong Kong (SAR of China),1128650
Imports,2010,Hungary,428952
Imports,2010,Iceland,11172
Imports,2010,India,1845494
Imports,2010,Indonesia,4685069
Imports,2010,International Waters,1219662
Imports,2010,Iran,114074
Imports,2010,Ireland,2305381
Imports,2010,Israel,572990
Imports,2010,Italy,4814138
Imports,2010,Jamaica,1498
Imports,2010,Japan,17779050
Imports,2010,Jordan,7175
Imports,2010,Kazakhstan,10916
Imports,2010,Kenya,19193
Imports,2010,Kiribati,256
Imports,2010,Kuwait,416934
Imports,2010,Kyrgyzstan,76
Imports,2010,Laos,2297
Imports,2010,Latvia,3759
Imports,2010,Lebanon,13423
Imports,2010,Lesotho,1012
Imports,2010,Liberia,102
Imports,2010,Libya,260321
Imports,2010,Lithuania,18019
Imports,2010,Luxembourg,38617
Imports,2010,Macau (SAR of China),10342
Imports,2010,Madagascar,551
Imports,2010,Malawi,4688
Imports,2010,Malaysia,8503703
Imports,2010,Maldives,810
Imports,2010,Mali,6503
Imports,2010,Malta,15382
Imports,2010,Marshall Islands,358
Imports,2010,Mauritania,14
Imports,2010,Mauritius,10427
Imports,2010,Mexico,1234517
Imports,2010,Moldova,574
Imports,2010,Mongolia,153
Imports,2010,Montenegro,72
Imports,2010,Montserrat,468
Imports,2010,Morocco,31283
Imports,2010,Mozambique,1324
Imports,2010,Namibia,7072
Imports,2010,Nauru,500
Imports,2010,Nepal,7559
Imports,2010,Netherlands,1360351
Imports,2010,Netherlands Antilles,758
Imports,2010,New Caledonia,102793
Imports,2010,New Zealand,7004442
Imports,2010,Nicaragua,9136
Imports,2010,Niger,2561
Imports,2010,Nigeria,603528
Imports,2010,Niue,43
Imports,2010,No Country Details,3083922
Imports,2010,Norfolk Island,81
Imports,2010,Northern Marianas,10
Imports,2010,Norway,358536
Imports,2010,Oman,66253
Imports,2010,Pakistan,153054
Imports,2010,Palau,228
Imports,2010,Panama,2390
Imports,2010,Papua New Guinea,2930081
Imports,2010,Paraguay,595
Imports,2010,Peru,179948
Imports,2010,Philippines,460851
Imports,2010,Pitcairn Island,430
Imports,2010,Poland,298969
Imports,2010,Portugal,120135
Imports,2010,Puerto Rico,554543
Imports,2010,Qatar,497193
Imports,2010,Republic of Congo,2422
Imports,2010,Republic of Korea,7049355
Imports,2010,Reunion,8
Imports,2010,Romania,49263
Imports,2010,Russian Federation,345533
Imports,2010,Rwanda,34
Imports,2010,Samoa,44546
Imports,2010,Sao Tome & Principe,37
Imports,2010,Saudi Arabia,461552
Imports,2010,Senegal,1403
Imports,2010,Serbia,10168
Imports,2010,Seychelles,3534
Imports,2010,Sierra Leone,6646
Imports,2010,Singapore,10898657
Imports,2010,Slovak Republic,135700
Imports,2010,Slovenia,40200
Imports,2010,Solomon Islands,5851
Imports,2010,Somalia,337
Imports,2010,South Africa,1004386
Imports,2010,Spain,1679363
Imports,2010,Sri Lanka,105628
Imports,2010,St Helena,19
Imports,2010,St Kitts & Nevis,31
Imports,2010,St Lucia,10
Imports,2010,St Vincent & Grenadines,52
Imports,2010,Sudan,116
Imports,2010,Suriname,78
Imports,2010,Swaziland,62781
Imports,2010,Sweden,2084151
Imports,2010,Switzerland,2231444
Imports,2010,Syria,1094
Imports,2010,Taiwan,3416335
Imports,2010,Tajikistan,2590
Imports,2010,Tanzania,4704
Imports,2010,Thailand,12443892
Imports,2010,Togo,54
Imports,2010,Tonga,543
Imports,2010,Trinidad & Tobago,4421
Imports,2010,Tunisia,13905
Imports,2010,Turkey,459202
Imports,2010,Turkmenistan,2
Imports,2010,Turks & Caicos Islands,1
Imports,2010,Tuvalu,573
Imports,2010,Uganda,6679
Imports,2010,UK Virgin Islands,4067
Imports,2010,Ukraine,29650
Imports,2010,United Arab Emirates,2292915
Imports,2010,United Kingdom,5759219
Imports,2010,United States,24052089
Imports,2010,Uruguay,15772
Imports,2010,US Outlying Islands,30
Imports,2010,US Virgin Islands,634
Imports,2010,Uzbekistan,418
Imports,2010,Vanuatu,949
Imports,2010,Venezuela,5278
Imports,2010,Vietnam,3109848
Imports,2010,Wallis & Futuna Island,22
Imports,2010,Yemen,117
Imports,2010,Zambia,2140
Imports,2010,Zimbabwe,9014
Imports,2011,Afghanistan,232
Imports,2011,Albania,467
Imports,2011,Algeria,316521
Imports,2011,American Samoa,8583
Imports,2011,Angola,88
Imports,2011,Anguilla,46
Imports,2011,Antarctica,2
Imports,2011,Antigua & Barbuda,613
Imports,2011,Argentina,431349
Imports,2011,Armenia,979
Imports,2011,Australia,759588
Imports,2011,Austria,839267
Imports,2011,Azerbaijan,202837
Imports,2011,Bahamas,2150
Imports,2011,Bahrain,69993
Imports,2011,Bangladesh,203368
Imports,2011,Barbados,1826
Imports,2011,Belarus,1562
Imports,2011,Belgium,1644874
Imports,2011,Belize,1040
Imports,2011,Bermuda,1553
Imports,2011,Bhutan,108
Imports,2011,Bolivia,11397
Imports,2011,Bosnia-Herzegovina,2403
Imports,2011,Botswana,19
Imports,2011,Brazil,882216
Imports,2011,Brunei,1135758
Imports,2011,Bulgaria,44085
Imports,2011,Burkina Faso,1
Imports,2011,Burma (Rep of the Union of Myanmar),13393
Imports,2011,Cambodia,29745
Imports,2011,Cameroon,1825
Imports,2011,Canada,1762142
Imports,2011,Cape Verde,331
Imports,2011,Cayman Islands,137
Imports,2011,Central African Republic,2
Imports,2011,Chad,2
Imports,2011,Chile,734928
Imports,2011,China,41108892
Imports,2011,Christmas Island,3771
Imports,2011,Cocos Keeling Islands,110
Imports,2011,Colombia,44084
Imports,2011,Comoros,30
Imports,2011,Cook Islands,195
Imports,2011,Costa Rica,116231
Imports,2011,Cote d'Ivoire,13738
Imports,2011,Croatia,25289
Imports,2011,Cuba,5262
Imports,2011,Cyprus,9403
Imports,2011,Czech Republic,297985
Imports,2011,Democratic People's Republic of Korea,6645
Imports,2011,Democratic Republic of the Congo,236
Imports,2011,Denmark,940576
Imports,2011,Djibouti,112
Imports,2011,Dominica,499
Imports,2011,Dominican Republic,20348
Imports,2011,East Timor,1046
Imports,2011,Ecuador,19490
Imports,2011,Egypt,39298
Imports,2011,El Salvador,4563
Imports,2011,Equatorial Guinea,42
Imports,2011,Eritrea,21
Imports,2011,Estonia,52744
Imports,2011,Ethiopia,12262
Imports,2011,Falkland Islands,2
Imports,2011,Federated States of Micronesia,32
Imports,2011,Fiji,186902
Imports,2011,Finland,862490
Imports,2011,France,3798166
Imports,2011,French Antilles,347
Imports,2011,French Guiana,178
Imports,2011,French Polynesia,3509
Imports,2011,FYR Macedonia,4086
Imports,2011,Gabon,852879
Imports,2011,Gambia,6
Imports,2011,Georgia,1795
Imports,2011,Germany,10247133
Imports,2011,Ghana,7619
Imports,2011,Gibraltar,7
Imports,2011,Greece,150757
Imports,2011,Grenada,12
Imports,2011,Guam,218
Imports,2011,Guatemala,10826
Imports,2011,Guinea,1143
Imports,2011,Guinea-Bissau,2
Imports,2011,Guyana,736
Imports,2011,Haiti,1791
Imports,2011,Honduras,17926
Imports,2011,Hong Kong (SAR of China),1152852
Imports,2011,Hungary,408577
Imports,2011,Iceland,8920
Imports,2011,India,2083142
Imports,2011,Indonesia,5751283
Imports,2011,International Waters,1929673
Imports,2011,Iran,121304
Imports,2011,Iraq,98
Imports,2011,Ireland,2177319
Imports,2011,Israel,607790
Imports,2011,Italy,4845478
Imports,2011,Jamaica,1489
Imports,2011,Japan,16692328
Imports,2011,Jordan,8726
Imports,2011,Kazakhstan,10679
Imports,2011,Kenya,12413
Imports,2011,Kiribati,657
Imports,2011,Kuwait,316592
Imports,2011,Kyrgyzstan,111
Imports,2011,Laos,4962
Imports,2011,Latvia,4736
Imports,2011,Lebanon,13276
Imports,2011,Lesotho,1978
Imports,2011,Liberia,67
Imports,2011,Libya,342395
Imports,2011,Lithuania,24261
Imports,2011,Luxembourg,22925
Imports,2011,Macau (SAR of China),7595
Imports,2011,Madagascar,816
Imports,2011,Malawi,1485
Imports,2011,Malaysia,8815433
Imports,2011,Maldives,407
Imports,2011,Mali,1621
Imports,2011,Malta,13285
Imports,2011,Marshall Islands,486
Imports,2011,Mauritania,26
Imports,2011,Mauritius,10729
Imports,2011,Mexico,1592301
Imports,2011,Moldova,737
Imports,2011,Mongolia,275
Imports,2011,Montenegro,219
Imports,2011,Montserrat,277
Imports,2011,Morocco,88677
Imports,2011,Mozambique,6402
Imports,2011,Namibia,7421
Imports,2011,Nauru,8344
Imports,2011,Nepal,4067
Imports,2011,Netherlands,1384566
Imports,2011,Netherlands Antilles,1551
Imports,2011,New Caledonia,174225
Imports,2011,New Zealand,7363505
Imports,2011,Nicaragua,9865
Imports,2011,Niger,3568
Imports,2011,Nigeria,1277112
Imports,2011,Niue,15
Imports,2011,No Country Details,3213630.605
Imports,2011,Norfolk Island,87
Imports,2011,Northern Marianas,4
Imports,2011,Norway,627850
Imports,2011,Oman,39972
Imports,2011,Pakistan,174702
Imports,2011,Palau,31
Imports,2011,Panama,2816
Imports,2011,Papua New Guinea,3473588
Imports,2011,Paraguay,801
Imports,2011,Peru,121127
Imports,2011,Philippines,441656
Imports,2011,Pitcairn Island,206
Imports,2011,Poland,351881
Imports,2011,Portugal,138368
Imports,2011,Puerto Rico,614360
Imports,2011,Qatar,497033
Imports,2011,Republic of Congo,675484
Imports,2011,Republic of Korea,6983871
Imports,2011,Reunion,114
Imports,2011,Romania,51751
Imports,2011,Russian Federation,596559
Imports,2011,Rwanda,208
Imports,2011,Samoa,37616
Imports,2011,Sao Tome & Principe,88
Imports,2011,Saudi Arabia,369469
Imports,2011,Senegal,772
Imports,2011,Serbia,9446
Imports,2011,Seychelles,4419
Imports,2011,Sierra Leone,7357
Imports,2011,Singapore,11418806
Imports,2011,Slovak Republic,153185
Imports,2011,Slovenia,48767
Imports,2011,Solomon Islands,15025
Imports,2011,Somalia,16
Imports,2011,South Africa,1005674
Imports,2011,Spain,1701873
Imports,2011,Sri Lanka,121861
Imports,2011,St Helena,10
Imports,2011,St Kitts & Nevis,43
Imports,2011,St Lucia,18
Imports,2011,St Vincent & Grenadines,1
Imports,2011,Sudan,1013
Imports,2011,Suriname,288
Imports,2011,Swaziland,51577
Imports,2011,Sweden,2315031
Imports,2011,Switzerland,2514859
Imports,2011,Syria,2455
Imports,2011,Taiwan,3615614
Imports,2011,Tajikistan,4052
Imports,2011,Tanzania,5408
Imports,2011,Thailand,9117427
Imports,2011,Togo,47
Imports,2011,Tonga,416
Imports,2011,Trinidad & Tobago,5186
Imports,2011,Tunisia,15455
Imports,2011,Turkey,485121
Imports,2011,Turkmenistan,2
Imports,2011,Turks & Caicos Islands,2
Imports,2011,Tuvalu,122
Imports,2011,Uganda,3220
Imports,2011,UK Virgin Islands,3119
Imports,2011,Ukraine,33004
Imports,2011,United Arab Emirates,3124661
Imports,2011,United Kingdom,5985067
Imports,2011,United States,25969772.395
Imports,2011,Uruguay,13515
Imports,2011,US Outlying Islands,1
Imports,2011,US Virgin Islands,246
Imports,2011,Uzbekistan,534
Imports,2011,Vanuatu,758
Imports,2011,Venezuela,832
Imports,2011,Vietnam,2667730
Imports,2011,Yemen,160
Imports,2011,Zambia,15901
Imports,2011,Zimbabwe,7862
